Country Name,Country Code,Indicator Name,Indicator Code,1960,1961,1962,1963,1964,1965,1966,1967,1968,1969,1970,1971,1972,1973,1974,1975,1976,1977,1978,1979,1980,1981,1982,1983,1984,1985,1986,1987,1988,1989,1990,1991,1992,1993,1994,1995,1996,1997,1998,1999,2000,2001,2002,2003,2004,2005,2006,2007,2008,2009,2010,2011,2012,2013,2014,2015,2016
Aruba,ABW,Expense (current LCU),GC.XPN.TOTL.CN,,,,,,,,,,,,,,,,,,,,,,,,,,,,,,,,,,,,,,,,,,,,,,,,,,,,,,,,,
Andorra,AND,Expense (current LCU),GC.XPN.TOTL.CN,,,,,,,,,,,,,,,,,,,,,,,,,,,,,,,,,,,,,,,,,,,,,,,,,,,,,,,,,
Afghanistan,AFG,Expense (current LCU),GC.XPN.TOTL.CN,,,,,,,,,,,,,,,,,,,,,,,,,,,,,,,,,,,,,,,,,,,,,,,71622005498,1.17681E+11,2.61228E+11,2.71089E+11,3.69383E+11,5.05827E+11,4.35481E+11,,,,
Angola,AGO,Expense (current LCU),GC.XPN.TOTL.CN,,,,,,,,,,,,,,,,,,,,,,,,,,,,,,,,,,,,,,,,3374521503,20029766551,57193227496,1.40549E+11,3.44239E+11,3.17673E+11,6.71073E+11,8.01244E+11,1.04248E+12,1.48715E+12,1.42264E+12,1.97541E+12,2.80074E+12,2.86673E+12,,,,
Albania,ALB,Expense (current LCU),GC.XPN.TOTL.CN,,,,,,,,,,,,,,,,,,,,,,,,,,,,,,,,,,,,57427000000,70476869000,84761692000,1.15583E+11,,,,1.51597E+11,1.55211E+11,1.68141E+11,,,,,,,,,,,,
Arab World,ARB,Expense (current LCU),GC.XPN.TOTL.CN,,,,,,,,,,,,,,,,,,,,,,,,,,,,,,,,,,,,,,,,,,,,,,,,,,,,,,,,,
United Arab Emirates,ARE,Expense (current LCU),GC.XPN.TOTL.CN,,,,,,,,,,,,,,,,,,,,,,,,,,,,,,,,,,,,,,17521000000,18200000000,19228000000,,,,,,,,,,,,53129057490,58444661620,57465244938,57670465806,,
Argentina,ARG,Expense (current LCU),GC.XPN.TOTL.CN,,,,,,,,,,,,,,,,,,,,,,,,,,,,,,,,,,,,,,,,,,,,,,,,,,,,,,,,,
Armenia,ARM,Expense (current LCU),GC.XPN.TOTL.CN,,,,,,,,,,,,,,,,,,,,,,,,,,,,,,,,,,,,,,,,,,,,2.6668E+11,3.23511E+11,4.07003E+11,4.55489E+11,5.36714E+11,7.54312E+11,7.49658E+11,7.95755E+11,8.52607E+11,9.11898E+11,,,,
American Samoa,ASM,Expense (current LCU),GC.XPN.TOTL.CN,,,,,,,,,,,,,,,,,,,,,,,,,,,,,,,,,,,,,,,,,,,,,,,,,,,,,,,,,
Antigua and Barbuda,ATG,Expense (current LCU),GC.XPN.TOTL.CN,,,,,,,,,,,,,,,,,,,,,,,,,,,,,,,,,,,,,,,,,477600000,482600000,547500000,497400000,553000000,563300000,684100000,749600000,766300000,781700000,676200000,714700000,671500000,,,,
Australia,AUS,Expense (current LCU),GC.XPN.TOTL.CN,,,,,,,,,,,,,8045000000,9198000000,10952000000,15159000000,19710000000,22724000000,25741000000,28146000000,31452000000,35897000000,40963000000,48442000000,56568000000,62228000000,68157000000,73575000000,78538000000,81699000000,88289000000,96214000000,1.03435E+11,1.10919E+11,1.17084E+11,,,,,1.52355E+11,1.59233E+11,1.85903E+11,1.99464E+11,2.07082E+11,2.2136E+11,2.36394E+11,2.48822E+11,2.66189E+11,2.86655E+11,3.33487E+11,3.47413E+11,3.66281E+11,3.91523E+11,3.96901E+11,4.19834E+11,,
Austria,AUT,Expense (current LCU),GC.XPN.TOTL.CN,,,,,,,,,,,,,9603715035,11596404148,13338371983,15772911928,17708916230,19448703880,22167394606,23935524662,25825745078,28417985073,30923017667,33343023045,35297195555,37113289681,39858869356,42047048393,44472140869,45757723305,48955328009,53150003997,57170265183,62370006468,65343052114,85112680000,88031050000,88770660000,91780640000,95008870000,97715320000,1.01686E+11,1.0312E+11,1.05599E+11,1.16597E+11,1.15438E+11,1.19783E+11,1.23627E+11,1.29656E+11,1.36523E+11,1.36267E+11,1.39945E+11,1.45758E+11,1.49813E+11,1.57099E+11,,
Azerbaijan,AZE,Expense (current LCU),GC.XPN.TOTL.CN,,,,,,,,,,,,,,,,,,,,,,,,,,,,,,,,,,,128138600,423067800,431967800,512319600,645726600,717629200,,,,,,,,,7428500000,8216400000,8863500000,9623900000,12145100000,,,,
Burundi,BDI,Expense (current LCU),GC.XPN.TOTL.CN,,,,,,,,,,,,,,,,,,,,,,,,,,,,,,,,48791000000,62473000000,64391000000,58858000000,59037000000,59765000000,,88357300000,94029300000,,,,,,,,,,,,,,,,,
Belgium,BEL,Expense (current LCU),GC.XPN.TOTL.CN,,,,,,,,,,,,,,,,,,,,,,,,,,,,,,,,,,,,96126200000,98628000000,1.00402E+11,1.03437E+11,1.06143E+11,1.09548E+11,1.14194E+11,1.13276E+11,1.19764E+11,1.21527E+11,1.35477E+11,1.31934E+11,1.38654E+11,1.48229E+11,1.53998E+11,1.58427E+11,1.68749E+11,1.77483E+11,1.79E+11,1.81233E+11
Benin,BEN,Expense (current LCU),GC.XPN.TOTL.CN,,,,,,,,,,,,,,,,,,,,,,,,,,,,,,,,,,,,,,,,,,2.06027E+11,2.29987E+11,2.72847E+11,2.69956E+11,3.06344E+11,3.35744E+11,3.45181E+11,4.19128E+11,4.42623E+11,4.59011E+11,4.57661E+11,5.3467E+11,5.775E+11,
Burkina Faso,BFA,Expense (current LCU),GC.XPN.TOTL.CN,,,,,,,,,,,,,,,,,,,,,,,,,,,,,,,,,,,,,,,,,,,2.49878E+11,2.55847E+11,2.9265E+11,3.30694E+11,3.85677E+11,4.49415E+11,4.53634E+11,4.99075E+11,5.29961E+11,6.28254E+11,8.28666E+11,8.18972E+11,8.86632E+11
Bangladesh,BGD,Expense (current LCU),GC.XPN.TOTL.CN,,,,,,,,,,,,,,,,,,,,,,,,,,,,,,,,,,,,,,,,,,2.28781E+11,2.47877E+11,2.72945E+11,2.91494E+11,3.47751E+11,4.02025E+11,4.7628E+11,5.92771E+11,6.96018E+11,7.39019E+11,9.0149E+11,,,
Bulgaria,BGR,Expense (current LCU),GC.XPN.TOTL.CN,,,,,,,,,,,,,,,,,,,,,,,,,,,,,,,24291000,53429000,79414000,130570000,229767000,347049000,818583000,5411510000,6658747690,7379862800,8645226730,9293078200,10533245000,11710994000,13426066000,14395981000,15636880000,18080828000,20624206978,21631037000,21754448000,23727828000,25022901000,,
Bahrain,BHR,Expense (current LCU),GC.XPN.TOTL.CN,,,,,,,,,,,,,,,,,,,,,,,,,,,,,,,421400000,429600000,465500000,511300000,528600000,514300000,510100000,542900000,556700000,599300000,678200000,703400000,836200000,868900000,957700000,1039550000,1133420000,1307720000,1567820000,1704470000,1882160000,2434849996,,2857462000,
"Bahamas, The",BHS,Expense (current LCU),GC.XPN.TOTL.CN,,,,,,,,,,,,,,,,,,,,,,,,,,,,,,,,,,,,,,,,,,,,,,,,,,,,,,,
Bosnia and Herzegovina,BIH,Expense (current LCU),GC.XPN.TOTL.CN,,,,,,,,,,,,,,,,,,,,,,,,,,,,,,,,,,,,,,,,,,,,,,5757059240,6818055884,8133827300,9654217923,9875898631,9933764183,9998994544,10235423709,10006030874,10928784860
Belarus,BLR,Expense (current LCU),GC.XPN.TOTL.CN,,,,,,,,,,,,,,,,,,,,,,,,,,,,,,,,,29100000,358200000,5327400000,34893300000,53184400000,99830600000,1.8189E+11,8.18816E+11,2.31452E+12,4.61462E+12,6.45051E+12,1.0316E+13,1.46325E+13,1.96833E+13,2.56932E+13,3.36753E+13,4.40644E+13,4.51479E+13,5.14934E+13,7.81917E+13,1.51265E+14,,
Belize,BLZ,Expense (current LCU),GC.XPN.TOTL.CN,,,,,,,,,,,,,,,,,,,,,,,,,,,,,,,137330000,150770000,188768000,220970000,245139000,231281000,239929000,256439000,273001000,291251000,297371000,375097000,368935000,477813000,537994000,558103000,624377000,660022000,637048000,673413000,706379000,733949000,708005000,,
Bermuda,BMU,Expense (current LCU),GC.XPN.TOTL.CN,,,,,,,,,,,,,,,,,,,,,,,,,,,,,,,,,,,,,,,,,,,,,,,,,,,,,,,
Bolivia,BOL,Expense (current LCU),GC.XPN.TOTL.CN,,,,,,,,,,,,,,,,,,,,,,,,,,,911000000,1087100000,1262000000,1658400000,2191700000,2779600000,3866100000,4984100000,5244300000,5707800000,7069000000,8199200000,9212900000,9874000000,10673200000,13041420000,16315688264,17461782696,18946100000,20013216364,21962623252,22467377442,,,,,,,
Brazil,BRA,Expense (current LCU),GC.XPN.TOTL.CN,,,,,,,,,,,,,,,,,,,,,,,,,,,,,,,3948218.182,14149636.36,182565709.1,5146909091,1.14916E+11,,,2.07704E+11,2.1946E+11,2.3614E+11,2.56223E+11,2.97119E+11,3.36873E+11,4.24134E+11,4.4442E+11,5.50656E+11,6.44678E+11,7.12948E+11,8.12777E+11,8.51259E+11,1.00619E+12,1.0899E+12,1.17085E+12,,
Barbados,BRB,Expense (current LCU),GC.XPN.TOTL.CN,,,,,,,,,,,,,,,,,,,,,,,,,,,,,,,,,,,,,,,,,,,,1732120000,1777000000,2146850287,2268689957,2734966561,2956990389,3035555520,3112335695,3006152565,3274721140,3322374972,
Brunei Darussalam,BRN,Expense (current LCU),GC.XPN.TOTL.CN,,,,,,,,,,,,,,,,,,,,,,,,,,,,,,,,,,,,,,,,,,,,,,,,,,,,,,,
Bhutan,BTN,Expense (current LCU),GC.XPN.TOTL.CN,,,,,,,,,,,,,,,,,,,,,,,,,,,,,,,1079100000,1117300000,1182900000,1272000000,1653500000,1981100000,2616400000,2607700000,2675000000,3264600000,3786500000,4537400000,4827088000,5373245000,5409249000,7134193000,7849160000,9092154000,12352540000,14257030000,,,,,
Botswana,BWA,Expense (current LCU),GC.XPN.TOTL.CN,,,,,,,,,,,,,,,,,,,,,,,,,,,,,,,1881680000,2219100000,2668000000,3289000000,3324900000,4016100000,4667300000,,,,,,,,,,16964100000,20206620000,26190570000,28362430000,28774120000,30778690000,33490950000,,
Central African Republic,CAF,Expense (current LCU),GC.XPN.TOTL.CN,,,,,,,,,,,,,,,,,,,,,,,,,,,,,,,,,,,,,,,,,,,,,64826057946,,,,97850592085,1.54244E+11,1.73192E+11,1.54688E+11,1.04889E+11,,
Canada,CAN,Expense (current LCU),GC.XPN.TOTL.CN,,,,,,,,,,,,,,,,,,,,,,,,,,,,,,,,1.77736E+11,1.82967E+11,1.87086E+11,1.87291E+11,1.94345E+11,1.90839E+11,1.84369E+11,1.89425E+11,1.98958E+11,2.07106E+11,2.13743E+11,2.13855E+11,2.25734E+11,2.29843E+11,2.52613E+11,2.53931E+11,2.66572E+11,2.8314E+11,2.96214E+11,3.13052E+11,3.19541E+11,3.18733E+11,3.25489E+11,3.29686E+11
Central Europe and the Baltics,CEB,Expense (current LCU),GC.XPN.TOTL.CN,,,,,,,,,,,,,,,,,,,,,,,,,,,,,,,,,,,,,,,,,,,,,,,,,,,,,,,
Switzerland,CHE,Expense (current LCU),GC.XPN.TOTL.CN,,,,,,,,,,,,,15623000000,19425000000,22159000000,25603000000,29076000000,30302000000,30984000000,32573000000,34209000000,35270000000,39080000000,41261000000,44321000000,,,,,,,77065000000,85087000000,91970000000,94014000000,96003000000,1.00725E+11,1.02861E+11,1.06717E+11,1.06734E+11,1.07684E+11,79991000000,83821862038,86615648050,88685155583,90017297437,90618904664,92999336566,94135377647,98100124898,1.00411E+11,1.01987E+11,1.01909E+11,1.09022E+11,
Channel Islands,CHI,Expense (current LCU),GC.XPN.TOTL.CN,,,,,,,,,,,,,,,,,,,,,,,,,,,,,,,,,,,,,,,,,,,,,,,,,,,,,,,
Chile,CHL,Expense (current LCU),GC.XPN.TOTL.CN,,,,,,,,,,,,,80000000,320000000,2310000000,10370000000,34640000000,81840000000,1.3648E+11,1.9601E+11,2.7415E+11,3.4256E+11,3.962E+11,4.6621E+11,5.7425E+11,7.3295E+11,8.761E+11,1.02984E+12,1.22821E+12,1.41285E+12,1.69828E+12,2.26308E+12,2.76547E+12,3.30715E+12,3.82821E+12,4.40742E+12,5.09829E+12,5.70298E+12,6.50152E+12,7.19774E+12,8.50155E+12,9.10775E+12,9.73065E+12,1.02286E+13,1.09963E+13,1.2013E+13,1.3229E+13,1.47993E+13,1.74208E+13,2.07011E+13,2.28631E+13,2.42966E+13,2.63328E+13,2.80667E+13,3.10628E+13
China,CHN,Expense (current LCU),GC.XPN.TOTL.CN,,,,,,,,,,,,,,,,,,,,,,,,,,,,,,,,,,,,,,,,,,,,,,,,,,,,,,,
Cote d'Ivoire,CIV,Expense (current LCU),GC.XPN.TOTL.CN,,,,,,,,,,,,,,,,,,,,,,,,,,,,,,,,,,,,,,,,,,1.02117E+12,1.13756E+12,1.2717E+12,1.2531E+12,1.3343E+12,1.2881E+12,1.4676E+12,1.6749E+12,1.66996E+12,1.83671E+12,1.66172E+12,2.09838E+12,2.09727E+12,2.22266E+12
Cameroon,CMR,Expense (current LCU),GC.XPN.TOTL.CN,,,,,,,,,,,,,,,,,,,,,,,,,,,,,,,4.8806E+11,5.2805E+11,4.7704E+11,4.5362E+11,4.4794E+11,4.8094E+11,,,6.746E+11,7.406E+11,,,,,,,,,,,,,,,
"Congo, Rep.",COG,Expense (current LCU),GC.XPN.TOTL.CN,,,,,,,,,,,,,,,,,,,,,,,,,,,,,,,,,2.704E+11,2.664E+11,3.332E+11,3.15E+11,3.228E+11,4.646E+11,4.382E+11,3.864E+11,,4.84423E+11,5.90246E+11,4.11407E+11,7.56253E+11,7.95963E+11,8.17773E+11,8.51592E+11,8.63762E+11,7.27527E+11,7.96138E+11,,,,
Colombia,COL,Expense (current LCU),GC.XPN.TOTL.CN,,,,,,,,,,,,,,,,,,,,,,,,,,,,,,,,,,,,,,,2.71366E+13,3.35265E+13,3.53109E+13,,,7.52279E+13,,,,,1.17082E+14,1.2404E+14,1.38215E+14,1.49957E+14,1.66847E+14,2.00059E+14,2.4615E+14
Comoros,COM,Expense (current LCU),GC.XPN.TOTL.CN,,,,,,,,,,,,,,,,,,,,,,,,,,,,,,,,,,,,,,,,,,,,,,,,,,,,,,,
Cabo Verde,CPV,Expense (current LCU),GC.XPN.TOTL.CN,,,,,,,,,,,,,,,,,,,,,,,,,,,,,,,,,,,,,,,,,,,,,,26064840199,28835337364,30285487701,30891300375,30865191273,,,,,
Costa Rica,CRI,Expense (current LCU),GC.XPN.TOTL.CN,,,,,,,,,,,,,,1580000000,1990000000,2740000000,3380000000,4250000000,6200000000,7360000000,8940000000,10330000000,16210000000,27120000000,32640000000,38610000000,59810000000,72730000000,81190000000,1.0375E+11,1.2679E+11,1.6227E+11,2.0483E+11,2.6381E+11,3.7887E+11,4.4803E+11,5.4558E+11,6.2775E+11,7.4126E+11,9.0095E+11,1.01953E+12,1.19576E+12,1.46718E+12,1.6265E+12,1.83585E+12,2.16885E+12,2.50862E+12,2.93904E+12,3.51231E+12,4.36159E+12,5.07201E+12,5.48773E+12,6.16261E+12,6.7522E+12,7.24112E+12
Caribbean small states,CSS,Expense (current LCU),GC.XPN.TOTL.CN,,,,,,,,,,,,,,,,,,,,,,,,,,,,,,,,,,,,,,,,,,,,,,,,,,,,,,,
Cuba,CUB,Expense (current LCU),GC.XPN.TOTL.CN,,,,,,,,,,,,,,,,,,,,,,,,,,,,,,,,,,,,,,,,,,,,,,,,,,,,,,,
Curacao,CUW,Expense (current LCU),GC.XPN.TOTL.CN,,,,,,,,,,,,,,,,,,,,,,,,,,,,,,,,,,,,,,,,,,,,,,,,,,,,,,,
Cayman Islands,CYM,Expense (current LCU),GC.XPN.TOTL.CN,,,,,,,,,,,,,,,,,,,,,,,,,,,,,,,,,,,,,,,,,,,,,,,,,,,,,,,
Cyprus,CYP,Expense (current LCU),GC.XPN.TOTL.CN,,,,,,,,,,,,,79347450.94,106069977.5,125530947.9,132672901.9,147657336.6,168758564.4,205476409.3,242125910.3,318397878.6,385101678.9,468481429.2,593192248.4,609116413.9,688839757.1,691197627.1,832601482.4,944719909,1059486668,2200874508,2374019311,2687846091,2807917677,3179546971,3529116277,3823850026,4211873413,4886258402,5172449143,5702115590,6312769745,6854908983,8127817057,8422721665,9321958604,9906983738,10590595174,11725960832,7229400000,7445400000,7797000000,7838200000,7443000000,8382200000
Czech Republic,CZE,Expense (current LCU),GC.XPN.TOTL.CN,,,,,,,,,,,,,,,,,,,,,,,,,,,,,,,,,,3.69266E+11,4.19867E+11,4.77775E+11,5.30729E+11,5.7458E+11,6.20074E+11,6.50076E+11,7.31058E+11,8.32427E+11,9.18455E+11,9.61265E+11,9.93269E+11,1.07507E+12,1.14714E+12,1.1936E+12,1.25815E+12,1.35428E+12,1.34499E+12,1.35197E+12,1.34051E+12,,
Germany,DEU,Expense (current LCU),GC.XPN.TOTL.CN,,,,,,,,,,,,,98577074695,1.12065E+11,1.30763E+11,1.51097E+11,1.64887E+11,1.76227E+11,1.87884E+11,2.00304E+11,2.24196E+11,2.42066E+11,2.5448E+11,2.61521E+11,2.76404E+11,2.84094E+11,2.94427E+11,3.07286E+11,3.21408E+11,3.30254E+11,3.61294E+11,4.92956E+11,5.32859E+11,5.56896E+11,5.8351E+11,7.29027E+11,6.26102E+11,6.28097E+11,6.41606E+11,6.53879E+11,6.62838E+11,6.70631E+11,6.87902E+11,7.01142E+11,6.90426E+11,7.00611E+11,6.99294E+11,7.02947E+11,7.23186E+11,7.62552E+11,8.06426E+11,7.80163E+11,7.83973E+11,8.08629E+11,8.28669E+11
Djibouti,DJI,Expense (current LCU),GC.XPN.TOTL.CN,,,,,,,,,,,,,,,,,,,,,,,,,,,,,,,,,,,,,,,,,,,,,,,,,,,,,,,
Dominica,DMA,Expense (current LCU),GC.XPN.TOTL.CN,,,,,,,,,,,,,,,,,,,,,,,,,,,,,,,,,,,,,,,,,230100000,238200000,230600000,231500000,233100000,237400000,244200000,267900000,295600000,288500000,316800000,328100000,338000000,,
Denmark,DNK,Expense (current LCU),GC.XPN.TOTL.CN,,,,,,,,,,,,,46947000000,49844000000,62815000000,72155000000,80773000000,91009000000,1.04418E+11,1.21684E+11,1.4423E+11,1.67713E+11,1.97084E+11,2.1995E+11,2.39726E+11,2.48839E+11,2.50395E+11,2.61872E+11,2.84012E+11,3.02704E+11,3.1659E+11,3.25856E+11,3.46829E+11,3.74064E+11,4.04343E+11,4.38685E+11,4.45984E+11,4.50766E+11,4.62247E+11,4.73962E+11,4.88216E+11,5.02328E+11,5.16705E+11,5.3277E+11,5.5439E+11,5.53504E+11,5.58994E+11,6.27144E+11,6.62237E+11,7.22309E+11,7.65451E+11,7.82813E+11,8.24584E+11,7.98349E+11,
Dominican Republic,DOM,Expense (current LCU),GC.XPN.TOTL.CN,,,,,,,,,,,,,225800000,250300000,329800000,337000000,410600000,,513500000,815800000,933100000,956600000,908700000,1048200000,1157300000,1680700000,2003400000,1899500000,3104800000,3597900000,4158700000,6870500000,10180600000,13988700000,14738700000,16524900000,19014000000,28706600000,32488000000,37666000000,43214500000,52003494922,59249421263,67337396583,1.24783E+11,1.47298E+11,1.73566E+11,1.98144E+11,2.55838E+11,2.62047E+11,2.81789E+11,3.09782E+11,3.77824E+11,4.04842E+11,
Algeria,DZA,Expense (current LCU),GC.XPN.TOTL.CN,,,,,,,,,,,,,,,,,,,,,,,,,,,,,,,,,,,3.76454E+11,4.81305E+11,5.74996E+11,6.61555E+11,6.63855E+11,7.74695E+11,8.56193E+11,9.636E+11,1.0977E+12,1.14407E+12,1.28532E+12,1.2929E+12,1.63147E+12,1.96533E+12,2.56653E+12,2.55689E+12,2.9344E+12,4.30815E+12,,,
East Asia & Pacific (excluding high income),EAP,Expense (current LCU),GC.XPN.TOTL.CN,,,,,,,,,,,,,,,,,,,,,,,,,,,,,,,,,,,,,,,,,,,,,,,,,,,,,,,
Early-demographic dividend,EAR,Expense (current LCU),GC.XPN.TOTL.CN,,,,,,,,,,,,,,,,,,,,,,,,,,,,,,,,,,,,,,,,,,,,,,,,,,,,,,,
East Asia & Pacific,EAS,Expense (current LCU),GC.XPN.TOTL.CN,,,,,,,,,,,,,,,,,,,,,,,,,,,,,,,,,,,,,,,,,,,,,,,,,,,,,,,
Europe & Central Asia (excluding high income),ECA,Expense (current LCU),GC.XPN.TOTL.CN,,,,,,,,,,,,,,,,,,,,,,,,,,,,,,,,,,,,,,,,,,,,,,,,,,,,,,,
Europe & Central Asia,ECS,Expense (current LCU),GC.XPN.TOTL.CN,,,,,,,,,,,,,,,,,,,,,,,,,,,,,,,,,,,,,,,,,,,,,,,,,,,,,,,
Ecuador,ECU,Expense (current LCU),GC.XPN.TOTL.CN,,,,,,,,,,,,,,,,,,,,,,,,,,,,,,,1111000000,1677000000,3013000000,3954000000,4885000000,,,,,,,,,,,,,,,,,,,,
"Egypt, Arab Rep.",EGY,Expense (current LCU),GC.XPN.TOTL.CN,,,,,,,,,,,,,,,,,,,,,,,,,,,,,,,23101000000,30727000000,48607000000,48864000000,54250000000,57375000000,61819000000,64433000000,,,,,1.03244E+11,1.14113E+11,1.30499E+11,1.47489E+11,2.02381E+11,2.18489E+11,2.715E+11,3.13464E+11,3.48228E+11,4.00223E+11,4.80463E+11,,
Euro area,EMU,Expense (current LCU),GC.XPN.TOTL.CN,,,,,,,,,,,,,,,,,,,,,,,,,,,,,,,,,,,,,,,,,,,,,,,,,,,,,,,
Eritrea,ERI,Expense (current LCU),GC.XPN.TOTL.CN,,,,,,,,,,,,,,,,,,,,,,,,,,,,,,,,,,,,,,,,,,,,,,,,,,,,,,,
Spain,ESP,Expense (current LCU),GC.XPN.TOTL.CN,,,,,,,,,,,,,3654153595,4459509815,5529912372,6846128881,8382315820,11598331590,15504910269,19501640763,23160001442,26403062758,34006466890,39680622168,45920930848,54732970322,62454172827,69936172515,76636856466,86761506377,96414962797,1.08692E+11,1.23103E+11,1.39088E+11,1.4423E+11,1.1346E+11,1.71495E+11,1.13849E+11,1.19488E+11,1.22489E+11,1.30227E+11,1.36347E+11,1.34778E+11,1.39731E+11,1.52721E+11,1.57158E+11,1.71308E+11,1.84356E+11,1.96707E+11,2.31109E+11,2.13711E+11,2.10456E+11,2.65719E+11,2.30321E+11,2.24667E+11
Estonia,EST,Expense (current LCU),GC.XPN.TOTL.CN,,,,,,,,,,,,,,,,,,,,,,,,,,,,,,,,1568932.816,,,,57961474.06,82612196.9,85123924.69,99951427.15,111775082.1,115648128,123470913.8,136885968.8,152122505.8,171136221.3,193121828.4,229941329.1,273043344.9,324543351.3,331458591.6,324645609.9,334769215,353508110.4,375883578.5,
Ethiopia,ETH,Expense (current LCU),GC.XPN.TOTL.CN,,,,,,,,,,,,,,,,,,,,,,,,,,,,,,,4053900000,3699800000,3350700000,3948400000,4984000000,5686400000,5992500000,6918700000,8610900000,10503300000,,9948300000,11566100000,11664200000,14118000000,15934300000,12622900000,13332980000,32221750000,41073300000,48246900000,54515559000,,,
European Union,EUU,Expense (current LCU),GC.XPN.TOTL.CN,,,,,,,,,,,,,,,,,,,,,,,,,,,,,,,,,,,,,,,,,,,,,,,,,,,,,,,
Fragile and conflict affected situations,FCS,Expense (current LCU),GC.XPN.TOTL.CN,,,,,,,,,,,,,,,,,,,,,,,,,,,,,,,,,,,,,,,,,,,,,,,,,,,,,,,
Finland,FIN,Expense (current LCU),GC.XPN.TOTL.CN,,,,,,,,,,,,,2124045323,2486994869,3326084434,4505754550,5254190823,5944265885,6570093159,7571820449,8540414718,9830247926,11579065985,13410296128,14436242480,16199524701,17710525032,19449251816,21177550948,23087661229,25609807374,29922313997,33172209300,35914345253,36690532533,48635000000,46676000000,45705000000,46213000000,47414000000,47393000000,49294000000,52262000000,54248000000,56258000000,58549000000,60809000000,62693000000,66540000000,71231000000,74070000000,76818000000,80132000000,83717000000,85648000000
Fiji,FJI,Expense (current LCU),GC.XPN.TOTL.CN,,,,,,,,,,,,,,,,,,,,,,,,,,,,,,,474340000,481480000,557390000,695620000,721100000,741590000,805640000,,,,,,,,1177970000,1245440000,1412878203,,,,,,,,
France,FRA,Expense (current LCU),GC.XPN.TOTL.CN,,,,,,,,,,,,,46954297309,52671135456,65110975262,79182019553,92048716608,1.04717E+11,1.2234E+11,1.41351E+11,1.64736E+11,1.98245E+11,2.33994E+11,2.6456E+11,2.9037E+11,3.13298E+11,3.32125E+11,3.47608E+11,3.67552E+11,3.86794E+11,4.10347E+11,4.38748E+11,4.69741E+11,4.99636E+11,5.17991E+11,5.78075E+11,5.9461E+11,6.16655E+11,6.20844E+11,6.40214E+11,6.57062E+11,6.88812E+11,7.26167E+11,7.50299E+11,7.73824E+11,8.04212E+11,8.33145E+11,8.65569E+11,8.98927E+11,9.37448E+11,9.91851E+11,9.87809E+11,1.01378E+12,1.02728E+12,1.04889E+12
Faroe Islands,FRO,Expense (current LCU),GC.XPN.TOTL.CN,,,,,,,,,,,,,,,,,,,,,,,,,,,,,,,,,,,,,,,,,,,,,,,,,,,,,,,
"Micronesia, Fed. Sts.",FSM,Expense (current LCU),GC.XPN.TOTL.CN,,,,,,,,,,,,,,,,,,,,,,,,,,,,,,,,,,,,,,,,,,,,,,,,,,,,,,,
Gabon,GAB,Expense (current LCU),GC.XPN.TOTL.CN,,,,,,,,,,,,,,,,,,,,,,,,,,,,,,,,,,,,,,,,,,,,,,,,,,,,,,,
United Kingdom,GBR,Expense (current LCU),GC.XPN.TOTL.CN,,,,,,,,,,,,,20084000000,22665000000,29324000000,39873000000,47178000000,52074000000,60412000000,70438000000,86445000000,1.00865E+11,1.11061E+11,1.19128E+11,1.27744E+11,1.36994E+11,1.43518E+11,1.51095E+11,1.58477E+11,1.67997E+11,2.00605E+11,2.25389E+11,2.53009E+11,2.64473E+11,2.76317E+11,2.99735E+11,3.10007E+11,3.14714E+11,3.22034E+11,3.34705E+11,3.56875E+11,3.77859E+11,4.07486E+11,4.47947E+11,4.78013E+11,5.24598E+11,5.421E+11,5.70868E+11,6.31853E+11,6.56474E+11,6.83673E+11,6.86694E+11,7.18162E+11,7.07341E+11,7.24042E+11
Georgia,GEO,Expense (current LCU),GC.XPN.TOTL.CN,,,,,,,,,,,,,,,,,,,,,,,,,,,,,,,,,,,,,,700500000,721000000,817200000,698400000,721600000,839700000,915600000,1432200000,2012700000,2800100000,3890000000,5554700000,5565300000,5466500000,5926900000,6641500000,,
Ghana,GHA,Expense (current LCU),GC.XPN.TOTL.CN,,,,,,,,,,,,,,,,,,,,,,,,,,,,,,,,,,,,,,,,,,712365300,978658300,1456817408,1875713086,2212273634,2921915559,4136575547,6200523340,6597796462,9280938302,12645724165,,,
Gibraltar,GIB,Expense (current LCU),GC.XPN.TOTL.CN,,,,,,,,,,,,,,,,,,,,,,,,,,,,,,,,,,,,,,,,,,,,,,,,,,,,,,,
Guinea,GIN,Expense (current LCU),GC.XPN.TOTL.CN,,,,,,,,,,,,,,,,,,,,,,,,,,,,,,,,,,,,,,,5.35191E+11,6.4656E+11,,,,,,,,,,,,,,,
"Gambia, The",GMB,Expense (current LCU),GC.XPN.TOTL.CN,,,,,,,,,,,,,,,,,,,,,,,,,,,,,,,428710000,,,,,,,,,,,,,,,,,,,,,,,,
Guinea-Bissau,GNB,Expense (current LCU),GC.XPN.TOTL.CN,,,,,,,,,,,,,,,,,,,,,,,,,,,,,,,,,,,,,,,,,,,,,,,,,,,,,,,
Equatorial Guinea,GNQ,Expense (current LCU),GC.XPN.TOTL.CN,,,,,,,,,,,,,,,,,,,,,,,,,,,,,,,,,,,,,,,,,,,,,,,,2.09779E+11,3.58248E+11,3.36459E+11,,,,,
Greece,GRC,Expense (current LCU),GC.XPN.TOTL.CN,,,,,,,,,,,,,239148936.2,307028613.4,406016140.9,480616287.6,646661775.5,794218635.4,961760821.7,1183037417,1521261922,2057872340,3607278063,3496962583,4963433602,6120586941,7272017608,8959119589,10834101247,14440733676,19258547322,,,,,41662000000,45511000000,49113000000,54110000000,56598000000,61222000000,65246000000,69355000000,75922000000,84938000000,86415000000,93348000000,1.03548E+11,1.15443E+11,1.22795E+11,1.14947E+11,1.12472E+11,1.05402E+11,1.08107E+11,86290000000
Grenada,GRD,Expense (current LCU),GC.XPN.TOTL.CN,,,,,,,,,,,,,,,,,,,,,,,,,,,,,,,,154270000,153970000,155600000,160790000,159820000,,,,218600000,230400000,258400000,283300000,285700000,320800000,301100000,317500000,346000000,413600000,416600000,408500000,420800000,458100000,,
Greenland,GRL,Expense (current LCU),GC.XPN.TOTL.CN,,,,,,,,,,,,,,,,,,,,,,,,,,,,,,,,,,,,,,,,,,,,,,,,,,,,,,,
Guatemala,GTM,Expense (current LCU),GC.XPN.TOTL.CN,,,,,,,,,,,,,,,,,,,,,,,,,,,,,,,3133570000,3859580000,5194670000,5542040000,5930970000,6439592000,7634800000,8918270000,11674560000,14229760000,16381880000,19380430000,20758690000,24968560000,24128930000,26660700000,29905500000,32608300000,34564500000,38244513141,42143089467,46513924130,51170792587,,
Guam,GUM,Expense (current LCU),GC.XPN.TOTL.CN,,,,,,,,,,,,,,,,,,,,,,,,,,,,,,,,,,,,,,,,,,,,,,,,,,,,,,,
Guyana,GUY,Expense (current LCU),GC.XPN.TOTL.CN,,,,,,,,,,,,,,,,,,,,,,,,,,,,,,,,,,,,,,,,,,,,,,,,,,,,,,,
High income,HIC,Expense (current LCU),GC.XPN.TOTL.CN,,,,,,,,,,,,,,,,,,,,,,,,,,,,,,,,,,,,,,,,,,,,,,,,,,,,,,,
"Hong Kong SAR, China",HKG,Expense (current LCU),GC.XPN.TOTL.CN,,,,,,,,,,,,,,,,,,,,,,,,,,,,,,,,,,,,,,,,,,,2.72083E+11,2.66967E+11,2.53661E+11,2.77516E+11,2.45787E+11,2.63074E+11,3.16293E+11,3.12157E+11,,,,,
Honduras,HND,Expense (current LCU),GC.XPN.TOTL.CN,,,,,,,,,,,,,211500000,203200000,220400000,267500000,338500000,,,,,,,,,,,,,,,,,,,,,,,,,,,29852600000,31560650000,36531900000,41068250000,52374771000,57855056000,65070200000,68081600000,75395166608,84914253465,89969723248,1.00515E+11
Heavily indebted poor countries (HIPC),HPC,Expense (current LCU),GC.XPN.TOTL.CN,,,,,,,,,,,,,,,,,,,,,,,,,,,,,,,,,,,,,,,,,,,,,,,,,,,,,,,
Croatia,HRV,Expense (current LCU),GC.XPN.TOTL.CN,,,,,,,,,,,,,,,,,,,,,,,,,,,,,,,,160920000,986730000,13638020000,32850630000,41782170000,45455940000,51454480000,59326840000,63892990000,69722990000,71800000000,75448100000,80715300000,86941400000,92332100000,98751000000,1.09075E+11,1.18686E+11,1.20554E+11,1.22584E+11,1.22428E+11,1.2093E+11,,
Haiti,HTI,Expense (current LCU),GC.XPN.TOTL.CN,,,,,,,,,,,,,,,,,,,,,,,,,,,,,,,,,,,,,,,,,,,,,,,,,,,,,,,
Hungary,HUN,Expense (current LCU),GC.XPN.TOTL.CN,,,,,,,,,,,,,,,,,,,,,,4.151E+11,4.37E+11,4.575E+11,4.816E+11,5.12E+11,6.045E+11,6.661E+11,7.485E+11,9.056E+11,1.0608E+12,1.2923E+12,1.5741E+12,1.8601E+12,2.3202E+12,2.99525E+12,3.3492E+12,3.96089E+12,4.73303E+12,5.11968E+12,5.52133E+12,6.32188E+12,7.51578E+12,8.20936E+12,8.84291E+12,9.50129E+12,1.04886E+13,1.0969E+13,1.21052E+13,1.19817E+13,1.20419E+13,1.29008E+13,1.27452E+13,1.40864E+13,1.46638E+13
IBRD only,IBD,Expense (current LCU),GC.XPN.TOTL.CN,,,,,,,,,,,,,,,,,,,,,,,,,,,,,,,,,,,,,,,,,,,,,,,,,,,,,,,
IDA & IBRD total,IBT,Expense (current LCU),GC.XPN.TOTL.CN,,,,,,,,,,,,,,,,,,,,,,,,,,,,,,,,,,,,,,,,,,,,,,,,,,,,,,,
IDA total,IDA,Expense (current LCU),GC.XPN.TOTL.CN,,,,,,,,,,,,,,,,,,,,,,,,,,,,,,,,,,,,,,,,,,,,,,,,,,,,,,,
IDA blend,IDB,Expense (current LCU),GC.XPN.TOTL.CN,,,,,,,,,,,,,,,,,,,,,,,,,,,,,,,,,,,,,,,,,,,,,,,,,,,,,,,
Indonesia,IDN,Expense (current LCU),GC.XPN.TOTL.CN,,,,,,,,,,,,,,,,,,,,,,,,,,,,,,,2.4882E+13,2.556E+13,3.0433E+13,3.53178E+13,3.8164E+13,4.4138E+13,5.5189E+13,8.65955E+13,1.28355E+14,1.79577E+14,,,2.86273E+14,3.27382E+14,3.86937E+14,,,,,,9.61809E+14,1.18E+15,1.35E+15,,
IDA only,IDX,Expense (current LCU),GC.XPN.TOTL.CN,,,,,,,,,,,,,,,,,,,,,,,,,,,,,,,,,,,,,,,,,,,,,,,,,,,,,,,
Isle of Man,IMN,Expense (current LCU),GC.XPN.TOTL.CN,,,,,,,,,,,,,,,,,,,,,,,,,,,,,,,,,,,,,,,,,,,,,,,,,,,,,,,
India,IND,Expense (current LCU),GC.XPN.TOTL.CN,,,,,,,,,,,,,,,,,,,,,,,,,,,,,,,8.9206E+11,1.01584E+12,1.15066E+12,1.3267E+12,1.50059E+12,1.71744E+12,1.964E+12,2.25574E+12,2.55346E+12,2.94343E+12,3.29765E+12,3.59919E+12,4.00138E+12,4.35009E+12,4.82203E+12,5.51138E+12,6.46256E+12,7.47431E+12,9.4996E+12,1.07286E+13,1.26008E+13,1.26008E+13,1.60762E+13,,
Not classified,INX,Expense (current LCU),GC.XPN.TOTL.CN,,,,,,,,,,,,,,,,,,,,,,,,,,,,,,,,,,,,,,,,,,,,,,,,,,,,,,,
Ireland,IRL,Expense (current LCU),GC.XPN.TOTL.CN,,,,,,,,,,,,,920560106.9,1111020819,1352271054,1895718951,2359173350,2792154034,3429562550,4196484349,5414163166,6876901433,8756113789,9865864869,10604852431,11713333774,12202182934,12958946828,12932282329,12363439670,13529059226,14581672093,15683804745,16961161252,17992188571,20374450000,21264060000,22943070000,24995660000,28276670000,29984580000,35322800000,40028600000,43227570000,46386580000,51779410000,56687120000,62945270000,69411580000,74623610000,1.043E+11,74681390000,68562090000,67901420000,68045730000
"Iran, Islamic Rep.",IRN,Expense (current LCU),GC.XPN.TOTL.CN,,,,,,,,,,,,,,,,,,,,,,,,,,,,,,,5.5716E+12,7.102E+12,9.983E+12,1.5741E+13,2.1712E+13,2.9363E+13,4.2215E+13,5.0413E+13,6.4232E+13,7.87547E+13,9.79201E+13,1.29546E+14,1.78988E+14,2.1609E+14,2.72614E+14,3.94213E+14,5.05975E+14,5.46384E+14,7.09549E+14,8.06599E+14,,,,,
Iraq,IRQ,Expense (current LCU),GC.XPN.TOTL.CN,,,,,,,,,,,,,,,,,,,,,,,,,,,,,,,,,,,,,,,,,,,,,,,,,,,,,,,
Iceland,ISL,Expense (current LCU),GC.XPN.TOTL.CN,,,,,,,,,,,,,169500000,246600000,406500000,570400000,684700000,988400000,1605900000,2479300000,3707900000,5895400000,9636200000,17750100000,21061300000,31156600000,45738200000,57066700000,78293700000,1.01432E+11,1.10928E+11,1.24995E+11,1.2671E+11,1.27471E+11,1.34336E+11,1.3936E+11,1.47733E+11,1.46027E+11,1.76837E+11,1.94144E+11,2.08218E+11,2.37254E+11,2.60023E+11,2.80028E+11,2.96095E+11,3.15568E+11,3.43596E+11,3.88118E+11,6.56115E+11,5.7068E+11,6.09904E+11,5.90746E+11,6.10015E+11,6.0601E+11,6.61988E+11
Israel,ISR,Expense (current LCU),GC.XPN.TOTL.CN,,,,,,,,,,,,,1400000,2500000,3500000,5200000,7200000,10700000,15900000,33600000,80400000,197200000,438200000,1363600000,6766100000,19703000000,26530100000,32240000000,34701700000,42202400000,52707300000,48983000000,76285000000,84433000000,99961000000,1.22659E+11,1.46273E+11,1.62039E+11,1.79243E+11,1.94231E+11,2.37031E+11,2.51995E+11,2.6862E+11,2.63181E+11,2.6234E+11,2.71909E+11,2.82123E+11,2.88082E+11,3.00902E+11,3.17003E+11,3.33784E+11,3.52343E+11,3.80044E+11,4.00484E+11,4.12414E+11
Italy,ITA,Expense (current LCU),GC.XPN.TOTL.CN,,,,,,,,,,,,,,14066220104,17818279475,23824673212,28991308030,35405702717,46795643170,60358834253,81419430141,,,,,,2.27519E+11,2.53442E+11,2.5424E+11,2.85005E+11,3.1608E+11,3.51958E+11,3.95602E+11,4.16556E+11,4.19972E+11,4.67445E+11,4.86209E+11,4.8572E+11,4.64669E+11,4.67656E+11,4.79883E+11,5.15382E+11,5.22625E+11,5.39487E+11,5.51579E+11,5.73233E+11,6.02452E+11,6.18844E+11,6.43584E+11,6.79446E+11,6.70024E+11,6.73463E+11,6.84977E+11,6.84402E+11,6.92002E+11
Jamaica,JAM,Expense (current LCU),GC.XPN.TOTL.CN,,,,,,,,,,,,,,,,654300000,812800000,899200000,,,,,,2735000000,3057000000,4335700000,,,,,,,18057994000,37115214000,48047518000,67978118000,95448211000,88835075000,98370234000,1.09486E+11,1.21224E+11,1.32403E+11,1.58334E+11,1.87008E+11,2.13546E+11,2.15424E+11,2.54696E+11,3.03335E+11,3.5548E+11,4.39087E+11,4.12426E+11,4.31438E+11,4.35076E+11,4.41142E+11,4.48883E+11
Jordan,JOR,Expense (current LCU),GC.XPN.TOTL.CN,,,,,,,,,,,,,,,,,,,,,,,,,,,,,,,819760000,856540000,891250000,1005890000,1086190000,1232420000,1414930000,1460020000,1599730000,1546890000,1626800000,1717430000,1925200000,2130010000,2600240000,3181800000,3496580000,4110600000,4899300000,5089600000,4746600000,5739540000,6485400000,,
Japan,JPN,Expense (current LCU),GC.XPN.TOTL.CN,,,,,,,,,,,,,1.0615E+13,1.3076E+13,1.7475E+13,2.0242E+13,2.3858E+13,2.7817E+13,3.2757E+13,3.7147E+13,4.1475E+13,4.5005E+13,4.7181E+13,4.9301E+13,5.0504E+13,5.2504E+13,5.3993E+13,5.5002E+13,5.7358E+13,6.3283E+13,6.3872E+13,,,,,,,,,,,,,,,8.06514E+13,7.96555E+13,7.5923E+13,8.10088E+13,9.01233E+13,8.7172E+13,9.24704E+13,9.09067E+13,9.23779E+13,
Kazakhstan,KAZ,Expense (current LCU),GC.XPN.TOTL.CN,,,,,,,,,,,,,,,,,,,,,,,,,,,,,,,,,,,,,,3.134E+11,2.8854E+11,2.8598E+11,3.56748E+11,4.41048E+11,4.79251E+11,6.40475E+11,8.25971E+11,,,,,,,,,,
Kenya,KEN,Expense (current LCU),GC.XPN.TOTL.CN,,,,,,,,,,,,,,,,,,,,,,,,,,,,,,,,43700000000,53912000000,55955000000,78435000000,1.20266E+11,1.18601E+11,1.36468E+11,,,1.62334E+11,1.88417E+11,1.96563E+11,2.1398E+11,2.65813E+11,2.57493E+11,3.20405E+11,3.57205E+11,4.50777E+11,4.93772E+11,5.71828E+11,6.82121E+11,8.334E+11,,
Kyrgyz Republic,KGZ,Expense (current LCU),GC.XPN.TOTL.CN,,,,,,,,,,,,,,,,,,,,,,,,,,,,,,,,,,,,4127800000,4877800000,6406300000,6927800000,8643900000,10328200000,11643400000,,,,,17996470800,25666353800,31499508000,37853990000,46592562000,62184293000,71155419000,,
Cambodia,KHM,Expense (current LCU),GC.XPN.TOTL.CN,,,,,,,,,,,,,,,,,,,,,,,,,,,,,,,,,,,,,,,,,,,1.57411E+12,1.72211E+12,1.75366E+12,1.95498E+12,2.56316E+12,2.87386E+12,3.59254E+12,4.72147E+12,5.0025E+12,5.75433E+12,5.99314E+12,7.27421E+12,8.3977E+12
Kiribati,KIR,Expense (current LCU),GC.XPN.TOTL.CN,,,,,,,,,,,,,,,,,,,,,,,,,,,,,,,,,,,,,,,,,,,,,,,,,,,,,,,
St. Kitts and Nevis,KNA,Expense (current LCU),GC.XPN.TOTL.CN,,,,,,,,,,,,,,,,,,,,,,,,,,,,,,,103050000,102150000,109900000,123330000,146480000,,,,,,295100000,307000000,323500000,333100000,381500000,439800000,478200000,500100000,536200000,545200000,530100000,594900000,546500000,,
"Korea, Rep.",KOR,Expense (current LCU),GC.XPN.TOTL.CN,,,,,,,,,,,,,,,,,,,,,,,,,,,,,,,2.6593E+13,3.196E+13,3.7244E+13,4.1348E+13,4.9124E+13,5.703E+13,6.5038E+13,7.0737E+13,8.20571E+13,8.78067E+13,1.00293E+14,1.15462E+14,1.2116E+14,1.44874E+14,1.55968E+14,1.70612E+14,1.86558E+14,1.96369E+14,2.11421E+14,2.3266E+14,2.33138E+14,2.51895E+14,,,
Kosovo,KSV,Expense (current LCU),GC.XPN.TOTL.CN,,,,,,,,,,,,,,,,,,,,,,,,,,,,,,,,,,,,,,,,,,,,,,,,,,,,,,,
Kuwait,KWT,Expense (current LCU),GC.XPN.TOTL.CN,,,,,,,,,,,,,,,,,,,,,,,,,,,,,,,2550000000,6579000000,5375000000,3988000000,3850000000,3766000000,3939000000,3515000000,3677000000,,,4655000000,4800000000,5391000000,6179000000,6727000000,10183000000,,,,,,,,
Latin America & Caribbean (excluding high income),LAC,Expense (current LCU),GC.XPN.TOTL.CN,,,,,,,,,,,,,,,,,,,,,,,,,,,,,,,,,,,,,,,,,,,,,,,,,,,,,,,
Lao PDR,LAO,Expense (current LCU),GC.XPN.TOTL.CN,,,,,,,,,,,,,,,,,,,,,,,,,,,,,,,,,,,,,,,,,,,,,,,3.5095E+12,4.1459E+12,5.13369E+12,5.72046E+12,6.49938E+12,7.51589E+12,9.00653E+12,,
Lebanon,LBN,Expense (current LCU),GC.XPN.TOTL.CN,,,,,,,,,,,,,,,,,,,,,,,,,,,,,,,,,,,,,,,6.84546E+12,7.357E+12,7.9389E+12,7.7185E+12,8.1858E+12,9.22548E+12,8.5635E+12,8.69939E+12,1.05283E+13,1.18162E+13,1.34101E+13,1.53612E+13,1.49773E+13,1.58884E+13,1.77827E+13,1.88637E+13,1.88124E+13
Liberia,LBR,Expense (current LCU),GC.XPN.TOTL.CN,,,,,,,,,,,,,,,,,,,,,,,,,,,,,,,,,,,,,,,,,,,,,,,,,,,,,,,
Libya,LBY,Expense (current LCU),GC.XPN.TOTL.CN,,,,,,,,,,,,,,,,,,,,,,,,,,,,,,,,,,,,,,,,,,,,,,,,,,,,,,,
St. Lucia,LCA,Expense (current LCU),GC.XPN.TOTL.CN,,,,,,,,,,,,,,,,,,,,,,,,,,,,,,,,,,,,,,,,,368400000,401000000,405500000,466600000,490400000,480200000,484800000,482400000,627400000,661800000,723200000,745200000,825900000,,
Latin America & Caribbean,LCN,Expense (current LCU),GC.XPN.TOTL.CN,,,,,,,,,,,,,,,,,,,,,,,,,,,,,,,,,,,,,,,,,,,,,,,,,,,,,,,
Least developed countries: UN classification,LDC,Expense (current LCU),GC.XPN.TOTL.CN,,,,,,,,,,,,,,,,,,,,,,,,,,,,,,,,,,,,,,,,,,,,,,,,,,,,,,,
Low income,LIC,Expense (current LCU),GC.XPN.TOTL.CN,,,,,,,,,,,,,,,,,,,,,,,,,,,,,,,,,,,,,,,,,,,,,,,,,,,,,,,
Liechtenstein,LIE,Expense (current LCU),GC.XPN.TOTL.CN,,,,,,,,,,,,,,,,,,,,,,,,,,,,,,,,,,,,,,,,,,,,,,,,,,,,,,,
Sri Lanka,LKA,Expense (current LCU),GC.XPN.TOTL.CN,,,,,,,,,,,,,,,,,,,,,,,,,,,,,,,79275000000,94988000000,1.01982E+11,1.14095E+11,1.40729E+11,1.73292E+11,1.91849E+11,2.03264E+11,2.21563E+11,2.34678E+11,2.89114E+11,3.35149E+11,3.62362E+11,3.73202E+11,4.33036E+11,4.95363E+11,6.21464E+11,7.17409E+11,8.47371E+11,1.0134E+12,1.08069E+12,1.16701E+12,1.35454E+12,,
Lower middle income,LMC,Expense (current LCU),GC.XPN.TOTL.CN,,,,,,,,,,,,,,,,,,,,,,,,,,,,,,,,,,,,,,,,,,,,,,,,,,,,,,,
Low & middle income,LMY,Expense (current LCU),GC.XPN.TOTL.CN,,,,,,,,,,,,,,,,,,,,,,,,,,,,,,,,,,,,,,,,,,,,,,,,,,,,,,,
Lesotho,LSO,Expense (current LCU),GC.XPN.TOTL.CN,,,,,,,,,,,,,,,,,,,,,,,,,,,,,,,469855000,636890000,709494000,,1051300000,1163400000,1206100000,,,,,2580300000,2981600000,3036618933,3333336570,3649312707,4652785742,5183257188,6868151728,,,,,,
Late-demographic dividend,LTE,Expense (current LCU),GC.XPN.TOTL.CN,,,,,,,,,,,,,,,,,,,,,,,,,,,,,,,,,,,,,,,,,,,,,,,,,,,,,,,
Lithuania,LTU,Expense (current LCU),GC.XPN.TOTL.CN,,,,,,,,,,,,,,,,,,,,,,,,,,,,,,,,28710611.68,,640697405,1142058619,737937326.2,749510542.2,1669204703,1548360751,1410866543,1458196247,1055543327,1463597660,1540995714,1663206673,1894500116,2166079703,2660527688,3293605190,3285802827,3235174351,3609505329,3298488184,3383271548,3483682808
Luxembourg,LUX,Expense (current LCU),GC.XPN.TOTL.CN,,,,,,,,,,,,,477393350,555430231.6,663685333.9,847200910.3,991995518.1,1111678512,1173627104,1313786103,1454316942,1633296067,1860887112,2037362512,2131685998,2158111448,2277794442,2466441414,2648420051,2752609699,3194727801,3539869955,4064536600,4415355516,4769595363,4886402792,5152566070,5586404528,,6964112051,7437330178,8000564884,8720828054,9560961949,10525853784,11202557685,11782175699,12410064062,13442182980,14716239958,15710128930,16795374361,18085732209,18995691082,19522517877
Latvia,LVA,Expense (current LCU),GC.XPN.TOTL.CN,,,,,,,,,,,,,,,,,,,,,,,,,,,,,,,,,,,773273914.2,1039692432,1220468296,1430128457,1737326481,1915996494,1900615250,1953859113,2272482797,2469678602,2936949704,3740303129,4603559456,5512916830,6785675665,6549969835,6455842596,6211680639,6366459212,,
"Macao SAR, China",MAC,Expense (current LCU),GC.XPN.TOTL.CN,,,,,,,,,,,,,,,,,,,,,,,,,,,,,,,,,,,,,7123170000,7748580000,8147210000,9780639403,8166697363,8431134125,8841627850,9643755178,10120172035,11262000000,12932000000,14927334590,23078063286,29395356255,33231322259,35451469155,37629531288,,
St. Martin (French part),MAF,Expense (current LCU),GC.XPN.TOTL.CN,,,,,,,,,,,,,,,,,,,,,,,,,,,,,,,,,,,,,,,,,,,,,,,,,,,,,,,
Morocco,MAR,Expense (current LCU),GC.XPN.TOTL.CN,,,,,,,,,,,,,4056000000,4386000000,7603000000,8071000000,8823000000,10179000000,11485000000,13462000000,16956000000,21189000000,22979000000,24182000000,26156000000,31748000000,34162000000,34573000000,38398000000,43874000000,44233000000,52471000000,56331000000,66786000000,72148000000,80679000000,,86608000000,93694000000,98559000000,,,1.29237E+11,1.3177E+11,1.41139E+11,1.58214E+11,1.60111E+11,1.79462E+11,2.09478E+11,2.05207E+11,2.31959E+11,2.66327E+11,,,
Monaco,MCO,Expense (current LCU),GC.XPN.TOTL.CN,,,,,,,,,,,,,,,,,,,,,,,,,,,,,,,,,,,,,,,,,,,,,,,,,,,,,,,
Moldova,MDA,Expense (current LCU),GC.XPN.TOTL.CN,,,,,,,,,,,,,,,,,,,,,,,,,,,,,,,,,,,,,,3425300000,3034900000,3573300000,4633700000,4244500000,,6136000000,8731400000,11038900000,14261600000,17316400000,20625300000,22988100000,25143800000,27024200000,29380900000,,
Madagascar,MDG,Expense (current LCU),GC.XPN.TOTL.CN,,,,,,,,,,,,,,,,,,,,,,,,,,,,,,,,,,,,,,,,,5.5738E+11,6.1436E+11,5.676E+11,7.60748E+11,1.02759E+12,1.1147E+12,1.3704E+12,1.5461E+12,1.8909E+12,1.53935E+12,1.64659E+12,1.94355E+12,,,
Maldives,MDV,Expense (current LCU),GC.XPN.TOTL.CN,,,,,,,,,,,,,,,,,,,,,,,,,,,,,,,340800000,430100000,541100000,614200000,691900000,878100000,955400000,1182000000,1297900000,1545500000,1875900000,1971400000,2109400000,2345700000,2788100000,4643300000,5607800000,6560100000,7463200000,8764900000,8428100000,9075743451,,,
Middle East & North Africa,MEA,Expense (current LCU),GC.XPN.TOTL.CN,,,,,,,,,,,,,,,,,,,,,,,,,,,,,,,,,,,,,,,,,,,,,,,,,,,,,,,
Mexico,MEX,Expense (current LCU),GC.XPN.TOTL.CN,,,,,,,,,,,,,,,,,,,,,,,,,,,,,,,1.24318E+11,1.30178E+11,1.50181E+11,1.69611E+11,1.94417E+11,2.75383E+11,3.64922E+11,4.84139E+11,5.36882E+11,6.86485E+11,8.48763E+11,,,,,,,,,,,,,,
Marshall Islands,MHL,Expense (current LCU),GC.XPN.TOTL.CN,,,,,,,,,,,,,,,,,,,,,,,,,,,,,,,,,,,,,,,,,,,,,,,,,,,,,,,
Middle income,MIC,Expense (current LCU),GC.XPN.TOTL.CN,,,,,,,,,,,,,,,,,,,,,,,,,,,,,,,,,,,,,,,,,,,,,,,,,,,,,,,
"Macedonia, FYR",MKD,Expense (current LCU),GC.XPN.TOTL.CN,,,,,,,,,,,,,,,,,,,,,,,,,,,,,,,,,,,,,,,,,,,,,,89124116170,98983464608,1.0924E+11,1.26754E+11,1.2994E+11,1.31565E+11,1.34529E+11,1.37083E+11,,
Mali,MLI,Expense (current LCU),GC.XPN.TOTL.CN,,,,,,,,,,,,,,,,,,,,,,,,,,,,,,,,,,,,,,,,,2.002E+11,2.79771E+11,3.16896E+11,3.53709E+11,3.92919E+11,4.22741E+11,4.81109E+11,5.094E+11,5.25732E+11,6.20657E+11,6.75976E+11,7.49708E+11,7.6159E+11,8.66864E+11,
Malta,MLT,Expense (current LCU),GC.XPN.TOTL.CN,,,,,,,,,,,,,88353133.01,95364546.94,131306778.5,148870253.9,164360587,189867225.7,204076403.4,,248241323.1,313766596.8,356394130,347798742.1,351688795.7,355019799.7,369392033.5,397041695.8,430351735.4,472396925.2,1216884631,1372067671,1517592466,1688076772,1861653885,2696599115,2972117400,3140624272,3266713254,3449918472,3681062194,4001001631,4144700676,4726997438,4655578849,4834148614,5084020498,5345772187,2593360000,2568970000,2702930000,2778040000,2975300000,3153100000,3358240000
Myanmar,MMR,Expense (current LCU),GC.XPN.TOTL.CN,,,,,,,,,,,,,,,,,,,,,,,,,,,,,,,,,,,,,,,,,,,,2.35944E+11,3.30832E+11,3.44775E+11,,,,,,,,,
Middle East & North Africa (excluding high income),MNA,Expense (current LCU),GC.XPN.TOTL.CN,,,,,,,,,,,,,,,,,,,,,,,,,,,,,,,,,,,,,,,,,,,,,,,,,,,,,,,
Montenegro,MNE,Expense (current LCU),GC.XPN.TOTL.CN,,,,,,,,,,,,,,,,,,,,,,,,,,,,,,,,,,,,,,,,,,,,,,,,,,,,,,,
Mongolia,MNG,Expense (current LCU),GC.XPN.TOTL.CN,,,,,,,,,,,,,,,,,,,,,,,,,,,,,,,,,9357000000,33299000000,54387000000,76041000000,98341000000,1.52327E+11,1.73561E+11,2.04355E+11,2.74057E+11,3.06927E+11,3.36438E+11,4.49959E+11,,,9.4035E+11,1.15027E+12,1.66912E+12,1.74378E+12,2.23482E+12,3.16571E+12,4.4405E+12,,
Northern Mariana Islands,MNP,Expense (current LCU),GC.XPN.TOTL.CN,,,,,,,,,,,,,,,,,,,,,,,,,,,,,,,,,,,,,,,,,,,,,,,,,,,,,,,
Mozambique,MOZ,Expense (current LCU),GC.XPN.TOTL.CN,,,,,,,,,,,,,,,,,,,,,,,,,,,,,,,,,,,,,,,,,,,,,,,,,,,76037811820,90491970370,1.05321E+11,,
Mauritania,MRT,Expense (current LCU),GC.XPN.TOTL.CN,,,,,,,,,,,,,,,,,,,,,,,,,,,,,,,,,,,,,,,,,,,,,,,,,,,,,,,
Mauritius,MUS,Expense (current LCU),GC.XPN.TOTL.CN,,,,,,,,,,,,,,317000000,534700000,719100000,1044700000,1299900000,1544800000,1896800000,2114900000,2618500000,3042400000,3297600000,3477400000,3805200000,4027000000,4547300000,5659800000,6465900000,7480000000,8358700000,9530400000,10101900000,12003500000,13241700000,14905500000,17475800000,19508000000,23716000000,24595000000,26921000000,28975700000,31890300000,36434500000,38585400000,43603300000,46725600000,51264900000,61133100000,67807300000,67452000000,71378200000,81466052000,88094700000
Malawi,MWI,Expense (current LCU),GC.XPN.TOTL.CN,,,,,,,,,,,,,,,,,,,,,,,,,,,,,,,,,,,,,,,,,,,,,,,,,,,,,,,
Malaysia,MYS,Expense (current LCU),GC.XPN.TOTL.CN,,,,,,,,,,,,,,,,,,,,,,,,,,,,,,,,,,,,,47420000000,47878000000,47621000000,55894000000,58849600000,66092306000,67731000000,73813000000,89533000000,96141000000,1.05745E+11,1.20552E+11,1.50664E+11,1.54485E+11,1.49763E+11,1.7993E+11,2.03767E+11,,
North America,NAC,Expense (current LCU),GC.XPN.TOTL.CN,,,,,,,,,,,,,,,,,,,,,,,,,,,,,,,,,,,,,,,,,,,,,,,,,,,,,,,
Namibia,NAM,Expense (current LCU),GC.XPN.TOTL.CN,,,,,,,,,,,,,,,,,,,,,,,,,,,,,,,,2493200000,2892900000,,,,,,,6913800000,7726644000,9200247000,10215024000,11078046000,11286663000,11836112000,13110167000,14941199000,18020900000,20928011000,23607232000,31551649375,,,
New Caledonia,NCL,Expense (current LCU),GC.XPN.TOTL.CN,,,,,,,,,,,,,,,,,,,,,,,,,,,,,,,,,,,,,,,,,,,,,,,,,,,,,,,
Niger,NER,Expense (current LCU),GC.XPN.TOTL.CN,,,,,,,,,,,,,,,,,,,,,,,,,,,,,,,,,,,,,,,,,,,,,,,,,,,,,,,
Nigeria,NGA,Expense (current LCU),GC.XPN.TOTL.CN,,,,,,,,,,,,,,,,,,,,,,,,,,,,,,,,,,,,,,,,,,,,1.0009E+12,1.153E+12,1.4003E+12,1.4856E+12,1.6916E+12,2.28E+12,2.3001E+12,3.3108E+12,3.7937E+12,3.7305E+12,,
Nicaragua,NIC,Expense (current LCU),GC.XPN.TOTL.CN,,,,,,,,,,,,,,,,,,,,,,,,,,,,,,,102058000,1713530000,2187250000,2706030000,2936370000,3405250000,3926040000,4684890000,5615430000,7273180000,8226740000,10316000000,9083130210,10573496840,11931569820,14510000000,17918399400,20123972100,25031817260,26158250006,28045278258,32822727237,37766697235,,
Netherlands,NLD,Expense (current LCU),GC.XPN.TOTL.CN,,,,,,,,,,,,,,31832682159,38153840569,46884571926,53686737366,59908064128,66374432208,73135757427,80196577590,86957902809,94980737030,99827109738,1.03244E+11,1.05304E+11,1.08889E+11,1.12637E+11,1.1251E+11,1.14915E+11,1.19399E+11,1.27063E+11,1.33842E+11,1.38512E+11,1.42464E+11,1.57538E+11,1.42193E+11,1.48882E+11,1.52742E+11,1.58623E+11,1.66487E+11,1.79965E+11,1.88765E+11,1.98096E+11,2.00204E+11,2.0324E+11,2.20875E+11,2.30125E+11,2.44863E+11,2.62868E+11,2.68492E+11,2.69809E+11,2.73025E+11,2.77148E+11,2.77907E+11
Norway,NOR,Expense (current LCU),GC.XPN.TOTL.CN,,,,,,,,,,,,,32395000000,36665000000,42513000000,49838000000,61280000000,70191000000,81362000000,90218000000,1.03896E+11,1.19073E+11,1.34281E+11,1.48816E+11,1.62079E+11,1.76885E+11,1.97157E+11,2.21364E+11,2.40568E+11,2.60409E+11,2.85658E+11,3.05175E+11,3.23054E+11,3.33719E+11,3.44167E+11,3.73019E+11,3.869E+11,4.00022E+11,4.2415E+11,4.50745E+11,4.89189E+11,5.18882E+11,5.95668E+11,6.09136E+11,6.34483E+11,6.66726E+11,7.20004E+11,7.64518E+11,8.14611E+11,8.75249E+11,9.14697E+11,9.70394E+11,1.01755E+12,1.07026E+12,1.13904E+12
Nepal,NPL,Expense (current LCU),GC.XPN.TOTL.CN,,,,,,,,,,,,,,,,,,,,,,,,,,,,,,,,,,,,,,,,,,,,,78345700000,88781500000,,,,,1.86493E+11,2.17323E+11,2.43348E+11,2.5792E+11,
Nauru,NRU,Expense (current LCU),GC.XPN.TOTL.CN,,,,,,,,,,,,,,,,,,,,,,,,,,,,,,,,,,,,,,,,,,,,,,,,,,,,,,,
New Zealand,NZL,Expense (current LCU),GC.XPN.TOTL.CN,,,,,,,,,,,,,2040000000,2398000000,2797000000,3578000000,3980000000,4910000000,6057000000,7004000000,8419000000,10623000000,12364000000,13532000000,15531000000,17438000000,21715000000,26798000000,27484000000,,,,,,,,,,,,,40610300000,41535431000,45109683000,47042287000,50487166000,53984000000,58448000000,61816000000,88360664128,93289112654,1.11011E+11,98011861516,75427000000,78597928614
OECD members,OED,Expense (current LCU),GC.XPN.TOTL.CN,,,,,,,,,,,,,,,,,,,,,,,,,,,,,,,,,,,,,,,,,,,,,,,,,,,,,,,
Oman,OMN,Expense (current LCU),GC.XPN.TOTL.CN,,,,,,,,,,,,,,,,,,,,,,,,,,,,,,,1461800000,1383100000,1623100000,1611900000,1674100000,1717300000,1706400000,1670300000,1629100000,1714300000,2215700000,2345200000,2392400000,2549500000,2857300000,3291400000,3773500000,4183100000,5326300000,4770600000,5402300000,7847700000,10707300000,,
Other small states,OSS,Expense (current LCU),GC.XPN.TOTL.CN,,,,,,,,,,,,,,,,,,,,,,,,,,,,,,,,,,,,,,,,,,,,,,,,,,,,,,,
Pakistan,PAK,Expense (current LCU),GC.XPN.TOTL.CN,,,,,,,,,,,,,,,,,,,,,,,,,,,,,,,1.69886E+11,1.96927E+11,2.36509E+11,2.81265E+11,3.08346E+11,3.57009E+11,4.39706E+11,4.79662E+11,5.1486E+11,5.58122E+11,6.57598E+11,6.84292E+11,7.5362E+11,8.20527E+11,8.14185E+11,9.50519E+11,1.16233E+12,1.41558E+12,1.90867E+12,2.13742E+12,2.60178E+12,3.21922E+12,3.76856E+12,3.99069E+12,
Panama,PAN,Expense (current LCU),GC.XPN.TOTL.CN,,,,,,,,,,,,,,,,,,,,,,,,,,,,,,,1244100000,1347300000,1552300000,1603300000,1797600000,1740500000,1970800000,2171400000,2350300000,2442500000,2567700000,2736020000,,,,,,,,,,,,,
Peru,PER,Expense (current LCU),GC.XPN.TOTL.CN,,,,,,,,,,,,,,,,,,,,,,,,,,,,,,,1063710000,3892000000,7715000000,10607000000,15211000000,21048200000,23120700000,25753600000,27516600000,30265700000,33265900000,33300200000,33939500000,36312397000,39622788000,45185305000,49571543010,58003180437,62867331578,67272366827,74281028377,83402028035,91086177977,,
Philippines,PHL,Expense (current LCU),GC.XPN.TOTL.CN,,,,,,,,,,,,,,,,,,,,,,,,,,,,,,,1.80587E+11,1.99598E+11,2.19004E+11,2.34563E+11,,,,,,,5.85396E+11,,,8.4679E+11,9.0559E+11,9.768E+11,1.05393E+12,1.14503E+12,1.26558E+12,1.42534E+12,1.51957E+12,1.53075E+12,1.73271E+12,,
Palau,PLW,Expense (current LCU),GC.XPN.TOTL.CN,,,,,,,,,,,,,,,,,,,,,,,,,,,,,,,,,,,,,,,,,,,,,,,,,,,,,,,
Papua New Guinea,PNG,Expense (current LCU),GC.XPN.TOTL.CN,,,,,,,,,,,,,,,,,,,,,,,,,,,,,,,958290000,1081740000,1226870000,1459390000,1494047000,1520095000,1751953000,1931282000,1878870000,2589410000,2925319000,2799006000,2575156000,,,,,,,,,,,,
Poland,POL,Expense (current LCU),GC.XPN.TOTL.CN,,,,,,,,,,,,,,,,,,,,,,,,,378340000,469870000,538570000,670140000,1128840000,,,,,,90594000000,1.20999E+11,1.49122E+11,1.79754E+11,1.99676E+11,2.12592E+11,2.3147E+11,2.77339E+11,2.92934E+11,3.34054E+11,3.49281E+11,3.65397E+11,3.89363E+11,4.14913E+11,4.63326E+11,4.9421E+11,5.28671E+11,5.39579E+11,5.61265E+11,5.81367E+11,3.78102E+11
Pre-demographic dividend,PRE,Expense (current LCU),GC.XPN.TOTL.CN,,,,,,,,,,,,,,,,,,,,,,,,,,,,,,,,,,,,,,,,,,,,,,,,,,,,,,,
Puerto Rico,PRI,Expense (current LCU),GC.XPN.TOTL.CN,,,,,,,,,,,,,,,,,,,,,,,,,,,,,,,,,,,,,,,,,,,,,,,,,,,,,,,
"Korea, Dem. People’s Rep.",PRK,Expense (current LCU),GC.XPN.TOTL.CN,,,,,,,,,,,,,,,,,,,,,,,,,,,,,,,,,,,,,,,,,,,,,,,,,,,,,,,
Portugal,PRT,Expense (current LCU),GC.XPN.TOTL.CN,,,,,,,,,,,,,,,,585089933.3,795083847.9,,1346754322,1687433286,2248082122,2904001357,3519019164,4636825251,5434403089,7737851777,9731048174,10201998184,12053670654,14826268692,18091898525,22335671033,25995351204,28380602747,28865434303,33588780000,35389410000,37176340000,41948850000,44799280000,48447520000,52378690000,55496340000,58692380000,62118420000,66204080000,67292660000,69634740000,72726698000,77152308000,80260057000,79244684000,75390854000,78409327000,83126403000
Paraguay,PRY,Expense (current LCU),GC.XPN.TOTL.CN,,,,,,,,,,,,,,,,,,,,,,,,,,,,,,,,,,,,,,,,,,,,,,8.1452E+12,9.358E+12,1.03191E+13,1.16135E+13,1.39648E+13,1.52835E+13,1.85111E+13,2.31204E+13,,
Pacific island small states,PSS,Expense (current LCU),GC.XPN.TOTL.CN,,,,,,,,,,,,,,,,,,,,,,,,,,,,,,,,,,,,,,,,,,,,,,,,,,,,,,,
Post-demographic dividend,PST,Expense (current LCU),GC.XPN.TOTL.CN,,,,,,,,,,,,,,,,,,,,,,,,,,,,,,,,,,,,,,,,,,,,,,,,,,,,,,,
French Polynesia,PYF,Expense (current LCU),GC.XPN.TOTL.CN,,,,,,,,,,,,,,,,,,,,,,,,,,,,,,,,,,,,,,,,,,,,,,,,,,,,,,,
Qatar,QAT,Expense (current LCU),GC.XPN.TOTL.CN,,,,,,,,,,,,,,,,,,,,,,,,,,,,,,,,,,,,,,,,,,,,,27108782138,32145287249,49120050045,46605985184,59845575756,69019272512,85271681000,,,,
Romania,ROU,Expense (current LCU),GC.XPN.TOTL.CN,,,,,,,,,,,,,,,,,,,,,27370000,24814000,23141000,21143000,23528000,33962000,35584000,34335000,31356000,31997000,28606000,72488000,230606000,599039000,1481703000,2145100000,3106200000,7666500000,11934900000,18982900000,27951800000,39063900000,48613500000,61039600000,77638100000,91509300000,1.09691E+11,1.41982E+11,1.75321E+11,1.83166E+11,1.87566E+11,1.97284E+11,1.97608E+11,2.00109E+11,2.12711E+11
Russian Federation,RUS,Expense (current LCU),GC.XPN.TOTL.CN,,,,,,,,,,,,,,,,,,,,,,,,,,,,,,,,,,,1.65195E+11,1.65195E+11,,,6.58498E+11,9.78446E+11,1.54609E+12,2.03543E+12,2.44068E+12,3.04401E+12,3.67342E+12,4.31074E+12,5.249E+12,7.6491E+12,8.8878E+12,1.24606E+13,1.2678E+13,1.40366E+13,1.64782E+13,1.7959E+13,2.09127E+13
Rwanda,RWA,Expense (current LCU),GC.XPN.TOTL.CN,,,,,,,,,,,,,,,,,,,,,,,,,,,,,,,26481000000,29500000000,38895000000,,,,,,,,,,,,,,,,3.76523E+11,4.35423E+11,5.14217E+11,5.78363E+11,6.417E+11,6.339E+11,
South Asia,SAS,Expense (current LCU),GC.XPN.TOTL.CN,,,,,,,,,,,,,,,,,,,,,,,,,,,,,,,,,,,,,,,,,,,,,,,,,,,,,,,
Saudi Arabia,SAU,Expense (current LCU),GC.XPN.TOTL.CN,,,,,,,,,,,,,,,,,,,,,,,,,,,,,,,,,,,,,,,,,,,,,,,,,,,,,,,
Sudan,SDN,Expense (current LCU),GC.XPN.TOTL.CN,,,,,,,,,,,,,,,,,,,,,,,,,,,,,,,,,,,,,,,1530090000,2047480000,,,,,,,,,,,,,,,
Senegal,SEN,Expense (current LCU),GC.XPN.TOTL.CN,,,,,,,,,,,,,,,,,,,,,,,,,,,,,,,,,,,,,,,,3.623E+11,4.251E+11,5.204E+11,,,,,,,,9.978E+11,9.95129E+11,1.1925E+12,1.2186E+12,,
Singapore,SGP,Expense (current LCU),GC.XPN.TOTL.CN,,,,,,,,,,,,,,,,,,,,,,,,,,,,,,,12030000000,14042000000,14047000000,14273000000,12289000000,14844000000,21948000000,20265000000,22557000000,21605000000,26032000000,29232000000,26753000000,27112000000,27983000000,26790000000,30835000000,33130000000,39735000000,40393678000,40587400000,44879000000,45668400000,,
Solomon Islands,SLB,Expense (current LCU),GC.XPN.TOTL.CN,,,,,,,,,,,,,,,,,,,,,,,,,,,,,,,,,,,,,,,,,,,,,,,,,,,,,,,
Sierra Leone,SLE,Expense (current LCU),GC.XPN.TOTL.CN,,,,,,,,,,,,,,,,,,,,,,,,,,,,,,,,,,,,,,,,,,,,,,,,,,,,,,,
El Salvador,SLV,Expense (current LCU),GC.XPN.TOTL.CN,,,,,,,,,,,,,,,,,,,,,,,,,,,,,,,,,,,,,,,13114900000,16064300000,17701000000,2821300000,2561000000,2297100000,2692500000,3009500000,3604700000,3494600000,4092300000,4550600000,4454400000,5048607005,4897900000,5057000000,
San Marino,SMR,Expense (current LCU),GC.XPN.TOTL.CN,,,,,,,,,,,,,,,,,,,,,,,,,,,,,,,,,,,,4.002E+11,,,,,,,436881158,407247391.3,458818372.8,433097403.6,445704201.9,486217116.9,501880824.5,533870739.4,529154889,544546919.8,557688703.9,581845576.6,
Somalia,SOM,Expense (current LCU),GC.XPN.TOTL.CN,,,,,,,,,,,,,,,,,,,,,,,,,,,,,,,,,,,,,,,,,,,,,,,,,,,,,,,
Serbia,SRB,Expense (current LCU),GC.XPN.TOTL.CN,,,,,,,,,,,,,,,,,,,,,,,,,,,,,,,,,,,,,,,,,,,,,,,,8.67589E+11,1.04362E+12,1.09508E+12,1.18845E+12,1.28099E+12,1.40566E+12,,
Sub-Saharan Africa (excluding high income),SSA,Expense (current LCU),GC.XPN.TOTL.CN,,,,,,,,,,,,,,,,,,,,,,,,,,,,,,,,,,,,,,,,,,,,,,,,,,,,,,,
South Sudan,SSD,Expense (current LCU),GC.XPN.TOTL.CN,,,,,,,,,,,,,,,,,,,,,,,,,,,,,,,,,,,,,,,,,,,,,,,,,,,,,,,
Sub-Saharan Africa,SSF,Expense (current LCU),GC.XPN.TOTL.CN,,,,,,,,,,,,,,,,,,,,,,,,,,,,,,,,,,,,,,,,,,,,,,,,,,,,,,,
Small states,SST,Expense (current LCU),GC.XPN.TOTL.CN,,,,,,,,,,,,,,,,,,,,,,,,,,,,,,,,,,,,,,,,,,,,,,,,,,,,,,,
Sao Tome and Principe,STP,Expense (current LCU),GC.XPN.TOTL.CN,,,,,,,,,,,,,,,,,,,,,,,,,,,,,,,,,,,,,,,,,,,1.71398E+11,1.84269E+11,2.92628E+11,3.14423E+11,4.41769E+11,5.08435E+11,5.69445E+11,6.48777E+11,7.66694E+11,8.50538E+11,8.75136E+11,,
Suriname,SUR,Expense (current LCU),GC.XPN.TOTL.CN,,,,,,,,,,,,,,,,,,,,,,,,,,,,,,,,,,,,,,,,,,543180575,752387028,843534338,1071483143,1282936578,1626407346,1819216563,1987365456,2467862720,2501718372,3019603785,3681167796,,
Slovak Republic,SVK,Expense (current LCU),GC.XPN.TOTL.CN,,,,,,,,,,,,,,,,,,,,,,,,,,,,,,,,,,,,,272345273.3,288056356.4,311194917.7,327673980.6,449091928,417901147.5,468159204.4,15988913231,17147812521,17294927969,19138418642,19634704692,21643235376,23743907765,24017131144,24378911428,24812484876,16242196112,17294139909
Slovenia,SVN,Expense (current LCU),GC.XPN.TOTL.CN,,,,,,,,,,,,,,,,,,,,,,,,,,,,,,,,,1557336004,2278834919,2937322651,3534051077,3958020364,4640711067,5232849274,5909697880,7210568820,8242773845,9050912497,9909184915,10644251769,11395922893,11981813831,12325643050,13875074115,14898776510,15115887472,15655847670,15220759834,,
Sweden,SWE,Expense (current LCU),GC.XPN.TOTL.CN,,,,,,,,,,,,,53640000000,59540000000,70830000000,84400000000,1.0372E+11,1.2577E+11,1.5044E+11,1.7708E+11,2.0243E+11,2.3925E+11,2.6661E+11,3.1315E+11,3.4039E+11,3.8103E+11,4.0008E+11,4.1473E+11,4.3798E+11,4.7755E+11,5.4513E+11,6.0744E+11,6.5749E+11,7.3289E+11,7.4132E+11,8.0731E+11,7.79988E+11,7.79205E+11,8.02409E+11,8.19477E+11,8.22545E+11,8.22646E+11,8.64687E+11,9.01387E+11,9.10638E+11,9.58452E+11,9.8371E+11,1.02407E+12,1.05304E+12,1.09834E+12,1.1548E+12,1.17283E+12,1.20085E+12,1.25648E+12,1.29493E+12
Swaziland,SWZ,Expense (current LCU),GC.XPN.TOTL.CN,,,,,,,,,,,,,,,,,,,,,,,,,,,,,,,,,,,,,,,,,,,,,,,,,,,,,,,
Sint Maarten (Dutch part),SXM,Expense (current LCU),GC.XPN.TOTL.CN,,,,,,,,,,,,,,,,,,,,,,,,,,,,,,,,,,,,,,,,,,,,,,,,,,,,,,,
Seychelles,SYC,Expense (current LCU),GC.XPN.TOTL.CN,,,,,,,,,,,,,,,,,,,,,,,,,,,,,,,,,,1190100000,1163000000,1133700000,1286600000,1423800000,1475200000,1478600000,1515100000,1526700000,1810500000,1372500000,1737500000,1833400000,2224100000,2517900000,2625193814,3398300000,3585205065,3470492204,4035620526,,
Syrian Arab Republic,SYR,Expense (current LCU),GC.XPN.TOTL.CN,,,,,,,,,,,,,,,,,,,,,,,,,,,,,,,,,,,,,,,1.28193E+11,1.36971E+11,1.6089E+11,1.78122E+11,1.78332E+11,2.0078E+11,2.48498E+11,2.77044E+11,3.17213E+11,3.25697E+11,3.75327E+11,4.4218E+11,,,,,
Turks and Caicos Islands,TCA,Expense (current LCU),GC.XPN.TOTL.CN,,,,,,,,,,,,,,,,,,,,,,,,,,,,,,,,,,,,,,,,,,,,,,,,,,,,,,,
Chad,TCD,Expense (current LCU),GC.XPN.TOTL.CN,,,,,,,,,,,,,,,,,,,,,,,,,,,,,,,,,,,,,,,,,,,,,,,,,,,,,,,
East Asia & Pacific (IDA & IBRD countries),TEA,Expense (current LCU),GC.XPN.TOTL.CN,,,,,,,,,,,,,,,,,,,,,,,,,,,,,,,,,,,,,,,,,,,,,,,,,,,,,,,
Europe & Central Asia (IDA & IBRD countries),TEC,Expense (current LCU),GC.XPN.TOTL.CN,,,,,,,,,,,,,,,,,,,,,,,,,,,,,,,,,,,,,,,,,,,,,,,,,,,,,,,
Togo,TGO,Expense (current LCU),GC.XPN.TOTL.CN,,,,,,,,,,,,,,,,,,,,,,,,,,,,,,,,,,,,,,,,,,,,,1.56618E+11,1.79012E+11,1.99734E+11,2.09559E+11,1.9614E+11,2.34135E+11,2.26593E+11,2.7618E+11,3.59637E+11,4.59043E+11,
Thailand,THA,Expense (current LCU),GC.XPN.TOTL.CN,,,,,,,,,,,,,21235000000,26478000000,28855000000,37984000000,45207000000,49673000000,63612000000,78097000000,1.01782E+11,1.17305E+11,1.37492E+11,1.49048E+11,1.61515E+11,1.79758E+11,1.84882E+11,1.93706E+11,2.04365E+11,2.32395E+11,2.57173E+11,2.92276E+11,3.25648E+11,3.69998E+11,4.14096E+11,4.55792E+11,5.18832E+11,6.23268E+11,7.73689E+11,9.36374E+11,6.84625E+11,8.41488E+11,1.16496E+12,9.38395E+11,1.07733E+12,1.16615E+12,1.26555E+12,1.50223E+12,1.6559E+12,1.77834E+12,1.88185E+12,2.19551E+12,2.30114E+12,2.46376E+12,2.55465E+12
Tajikistan,TJK,Expense (current LCU),GC.XPN.TOTL.CN,,,,,,,,,,,,,,,,,,,,,,,,,,,,,,,,,,,,,,,116462000,134602000,160005000,243089000,,531775000,847846000,,,,,,,,,,
Turkmenistan,TKM,Expense (current LCU),GC.XPN.TOTL.CN,,,,,,,,,,,,,,,,,,,,,,,,,,,,,,,,,,,,,,,,,,,,,,,,,,,,,,,
Latin America & the Caribbean (IDA & IBRD countries),TLA,Expense (current LCU),GC.XPN.TOTL.CN,,,,,,,,,,,,,,,,,,,,,,,,,,,,,,,,,,,,,,,,,,,,,,,,,,,,,,,
Middle East & North Africa (IDA & IBRD countries),TMN,Expense (current LCU),GC.XPN.TOTL.CN,,,,,,,,,,,,,,,,,,,,,,,,,,,,,,,,,,,,,,,,,,,,,,,,,,,,,,,
Timor-Leste,TLS,Expense (current LCU),GC.XPN.TOTL.CN,,,,,,,,,,,,,,,,,,,,,,,,,,,,,,,,,,,,,,,,,,,,,,,,,,,,,,,
Tonga,TON,Expense (current LCU),GC.XPN.TOTL.CN,,,,,,,,,,,,,,,,,,,,,,,,,,,,,,,,,,,,,,,,,,,,,,,,,,,,,,,
South Asia (IDA & IBRD),TSA,Expense (current LCU),GC.XPN.TOTL.CN,,,,,,,,,,,,,,,,,,,,,,,,,,,,,,,,,,,,,,,,,,,,,,,,,,,,,,,
Sub-Saharan Africa (IDA & IBRD countries),TSS,Expense (current LCU),GC.XPN.TOTL.CN,,,,,,,,,,,,,,,,,,,,,,,,,,,,,,,,,,,,,,,,,,,,,,,,,,,,,,,
Trinidad and Tobago,TTO,Expense (current LCU),GC.XPN.TOTL.CN,,,,,,,,,,,,,,,,,,,,,,,,,,,,,,,,,,6685600000,7304800000,8014000000,,,,,,13125612700,14016400000,15727900000,18920800000,22807000000,34212500000,33570300000,46332000000,40039600000,43366000000,,,,
Tunisia,TUN,Expense (current LCU),GC.XPN.TOTL.CN,,,,,,,,,,,,,,,,,,,,,,,,,,,,,,,3289300000,3541500000,3790600000,4169700000,4434900000,4838400000,5341700000,5764200000,6185400000,6786700000,7364600000,7883500000,8445400000,8974100000,10010800000,10949700000,11828900000,13050600000,15103400000,16361700000,17684700000,22291900000,24950100000,,
Turkey,TUR,Expense (current LCU),GC.XPN.TOTL.CN,,,,,,,,,,,,,43100,55100,60900,91700,115900,168200,254000,520100,954100,1242500,,2329600,3857700,5870400,6982100,10792500,18659900,34064600,60121100,121192300,206290000,454545000,848544000,1626661000,3718611000,7950337000,15719147000,,,,,,,,,,2.97234E+11,3.59254E+11,3.89252E+11,4.32284E+11,4.75938E+11,5.42728E+11,6.11185E+11
Tuvalu,TUV,Expense (current LCU),GC.XPN.TOTL.CN,,,,,,,,,,,,,,,,,,,,,,,,,,,,,,,,,,,,,,,,,,,,,,,,,,,,,,,
Tanzania,TZA,Expense (current LCU),GC.XPN.TOTL.CN,,,,,,,,,,,,,,,,,,,,,,,,,,,,,,,,,,,,,,,,,,,,,,,,,,5.89465E+12,7.75964E+12,8.73855E+12,1.08388E+13,,
Uganda,UGA,Expense (current LCU),GC.XPN.TOTL.CN,,,,,,,,,,,,,,,,,,,,,,,,,,,,,,,,,,,,,,,,1.21648E+12,1.45387E+12,2.21966E+12,2.47376E+12,2.68772E+12,2.49278E+12,2.67382E+12,3.01986E+12,3.48769E+12,3.75983E+12,4.17362E+12,5.69423E+12,7.40879E+12,7.17694E+12,,
Ukraine,UKR,Expense (current LCU),GC.XPN.TOTL.CN,,,,,,,,,,,,,,,,,,,,,,,,,,,,,,,,,,,,,,,,32833100000,45701300000,56387800000,65473448056,79438130769,1.13833E+11,1.59123E+11,2.00216E+11,2.5191E+11,3.53753E+11,3.71816E+11,4.43124E+11,4.97527E+11,5.76897E+11,,
Upper middle income,UMC,Expense (current LCU),GC.XPN.TOTL.CN,,,,,,,,,,,,,,,,,,,,,,,,,,,,,,,,,,,,,,,,,,,,,,,,,,,,,,,
Uruguay,URY,Expense (current LCU),GC.XPN.TOTL.CN,,,,,,,,,,,,,,,,,,,,,,,,,,,,,,,2383000000,5282000000,9751000000,17080000000,26595000000,33208000000,45474000000,59557000000,69335000000,71913000000,73321000000,75907442585,80670334179,94845096535,1.04466E+11,1.12873E+11,1.26622E+11,1.4557E+11,1.62874E+11,2.08163E+11,2.37738E+11,2.69761E+11,3.18026E+11,,
United States,USA,Expense (current LCU),GC.XPN.TOTL.CN,,,,,,,,,,,,,2.2766E+11,2.5509E+11,2.7633E+11,3.2806E+11,3.6967E+11,4.081E+11,4.4971E+11,4.9712E+11,5.8701E+11,6.7363E+11,7.5112E+11,8.2866E+11,8.6689E+11,9.6216E+11,1.01808E+12,1.03777E+12,1.10124E+12,1.17701E+12,1.28559E+12,1.40925E+12,1.42263E+12,1.46893E+12,1.51075E+12,1.56867E+12,1.61506E+12,1.66316E+12,1.69668E+12,1.74367E+12,1.83764E+12,2.06422E+12,2.19491E+12,2.36602E+12,2.49661E+12,2.70331E+12,2.84458E+12,3.01927E+12,3.36793E+12,3.70242E+12,3.92447E+12,3.95802E+12,3.89737E+12,3.8698E+12,3.9847E+12
Uzbekistan,UZB,Expense (current LCU),GC.XPN.TOTL.CN,,,,,,,,,,,,,,,,,,,,,,,,,,,,,,,,,,,,,,,,,,,,,,,,,,,,,,,
St. Vincent and the Grenadines,VCT,Expense (current LCU),GC.XPN.TOTL.CN,,,,,,,,,,,,,,,,,,,,,,,,,,,,,,,,,,,,,,,,,,,,,,,,,,,,,,,
"Venezuela, RB",VEN,Expense (current LCU),GC.XPN.TOTL.CN,,,,,,,,,,,,,,,,,,,,,,,,,,,,,,,439258000,577134000,772326000,944070000,1539699000,2446799000,4792622000,8533526000,10497867000,11852861000,17236415000,21420436000,25149972000,33765306530,52547720064,76222927057,,,,,,,,,
British Virgin Islands,VGB,Expense (current LCU),GC.XPN.TOTL.CN,,,,,,,,,,,,,,,,,,,,,,,,,,,,,,,,,,,,,,,,,,,,,,,,,,,,,,,
Virgin Islands (U.S.),VIR,Expense (current LCU),GC.XPN.TOTL.CN,,,,,,,,,,,,,,,,,,,,,,,,,,,,,,,,,,,,,,,,,,,,,,,,,,,,,,,
Vietnam,VNM,Expense (current LCU),GC.XPN.TOTL.CN,,,,,,,,,,,,,,,,,,,,,,,,,,,,,,,,,,,,,,,,,,,,,,,,,,,,,,,
Vanuatu,VUT,Expense (current LCU),GC.XPN.TOTL.CN,,,,,,,,,,,,,,,,,,,,,,,,,,,,,,,3893000000,,,,,5781000000,6481000000,6424000000,6401000000,6509000000,,,,,,,,,,13272000000,15108900000,15614700000,,,
West Bank and Gaza,PSE,Expense (current LCU),GC.XPN.TOTL.CN,,,,,,,,,,,,,,,,,,,,,,,,,,,,,,,,,,,,,,,,,,,,,,1874570116,2297950000,2238000000,3036229746,3010475548,3073507572,3153512652,3137549838,3405682616,3725136903
World,WLD,Expense (current LCU),GC.XPN.TOTL.CN,,,,,,,,,,,,,,,,,,,,,,,,,,,,,,,,,,,,,,,,,,,,,,,,,,,,,,,
Samoa,WSM,Expense (current LCU),GC.XPN.TOTL.CN,,,,,,,,,,,,,,,,,,,,,,,,,,,,,,,,,,,,,,,,,,,,,,,,,,,432018.0442,453249.7033,453255.0786,,
"Yemen, Rep.",YEM,Expense (current LCU),GC.XPN.TOTL.CN,,,,,,,,,,,,,,,,,,,,,,,,,,,,,,,,,,,,,,,,,,,,,,,,,,,,,,,
South Africa,ZAF,Expense (current LCU),GC.XPN.TOTL.CN,,,,,,,,,,,,,2914000000,3482000000,4512000000,5590000000,6630000000,7431000000,8540000000,10227000000,12302000000,15319000000,19349000000,24060000000,28315000000,34519000000,42308000000,49980000000,60729000000,70834000000,82849000000,93093000000,1.17029E+11,1.40227E+11,1.4069E+11,1.62526E+11,1.89617E+11,2.00972E+11,2.1716E+11,2.34231E+11,2.57343E+11,2.83805E+11,3.22214E+11,3.69179E+11,4.23057E+11,4.70304E+11,5.31719E+11,6.12019E+11,7.09766E+11,8.08587E+11,8.73417E+11,9.77247E+11,1.07643E+12,1.23005E+12,1.28703E+12
"Congo, Dem. Rep.",COD,Expense (current LCU),GC.XPN.TOTL.CN,,,,,,,,,,,,,,,,,,,,,,,,,,,,,,,3.735776667,90.23666667,2928.756667,47209.58333,3177260,32540000,332720000,776650000,1084355000,5237000000,26944299000,1.26059E+11,2.26391E+11,2.78951E+11,4.22177E+11,7.43709E+11,9.76415E+11,1.1016E+12,1.36707E+12,1.70722E+12,1.63517E+12,,,,
Zambia,ZMB,Expense (current LCU),GC.XPN.TOTL.CN,,,,,,,,,,,,,,,,,,,,,,,,,,,,,,,,,,,,,,,1291800000,1303500000,,2085233348,2614386227,3652856146,5186640030,7347492183,6543200000,10477370818,11252873158,11314098055,13323914002,17627900000,,,
Zimbabwe,ZWE,Expense (current LCU),GC.XPN.TOTL.CN,,,,,,,,,,,,,,,,,,,,,,,,,,,,,,,2154229645,2093611452,1972359692,1677889338,1522601298,2283033792,2824532000,2834054352,,,,,,,,,,,,,,,,,
