Country Name,Country Code,Indicator Name,Indicator Code,1960,1961,1962,1963,1964,1965,1966,1967,1968,1969,1970,1971,1972,1973,1974,1975,1976,1977,1978,1979,1980,1981,1982,1983,1984,1985,1986,1987,1988,1989,1990,1991,1992,1993,1994,1995,1996,1997,1998,1999,2000,2001,2002,2003,2004,2005,2006,2007,2008,2009,2010,2011,2012,2013,2014,2015,2016
Aruba,ABW,Expense (% of GDP),GC.XPN.TOTL.GD.ZS,,,,,,,,,,,,,,,,,,,,,,,,,,,,,,,,,,,,,,,,,,,,,,,,,,,,,,,,,
Andorra,AND,Expense (% of GDP),GC.XPN.TOTL.GD.ZS,,,,,,,,,,,,,,,,,,,,,,,,,,,,,,,,,,,,,,,,,,,,,,,,,,,,,,,,,
Afghanistan,AFG,Expense (% of GDP),GC.XPN.TOTL.GD.ZS,,,,,,,,,,,,,,,,,,,,,,,,,,,,,,,,,,,,,,,,,,,,,,,20.32939847,23.99685137,50.31493557,44.07351127,50.60729156,59.06966102,41.03231204,,,,
Angola,AGO,Expense (% of GDP),GC.XPN.TOTL.GD.ZS,,,,,,,,,,,,,,,,,,,,,,,,,,,,,,,,,,,,,,,,19.652446,21.8507895,29.01577564,25.8357191,32.51881138,19.36056851,27.27024372,23.85689398,22.48268015,23.5451389,23.75546587,26.06239051,28.63714226,26.03417464,,,,
Albania,ALB,Expense (% of GDP),GC.XPN.TOTL.GD.ZS,,,,,,,,,,,,,,,,,,,,,,,,,,,,,,,,,,,,25.55207048,20.34532704,24.48360314,28.24537392,,,,24.34470935,22.36161425,22.38826872,,,,,,,,,,,,
Arab World,ARB,Expense (% of GDP),GC.XPN.TOTL.GD.ZS,,,,,,,,,,,,,,,,,,,,,,,,,,,,,,,,,,,,,,,,,,,,,,,,,,,,,,,,,
United Arab Emirates,ARE,Expense (% of GDP),GC.XPN.TOTL.GD.ZS,,,,,,,,,,,,,,,,,,,,,,,,,,,,,,,,,,,,,,6.053873636,6.548788474,6.200060621,,,,,,,,,,,,4.150830844,4.261616545,4.041261618,3.93122396,,
Argentina,ARG,Expense (% of GDP),GC.XPN.TOTL.GD.ZS,,,,,,,,,,,,,,,,,,,,,,,,,,,,,,,,,,,,,,,,,,,,,,,,,,,,,,,,,
Armenia,ARM,Expense (% of GDP),GC.XPN.TOTL.GD.ZS,,,,,,,,,,,,,,,,,,,,,,,,,,,,,,,,,,,,,,,,,,,,16.41467909,16.95599885,18.14644052,17.1482193,17.04242538,21.13968517,23.86191799,22.99736235,22.56801632,21.37365185,,,,
American Samoa,ASM,Expense (% of GDP),GC.XPN.TOTL.GD.ZS,,,,,,,,,,,,,,,,,,,,,,,,,,,,,,,,,,,,,,,,,,,,,,,,,,,,,,,,,
Antigua and Barbuda,ATG,Expense (% of GDP),GC.XPN.TOTL.GD.ZS,,,,,,,,,,,,,,,,,,,,,,,,,,,,,,,,,,,,,,,,,22.56702563,23.10012704,25.26733533,21.9313117,22.79884378,20.91789102,22.3205568,21.53412422,21.0646711,23.99834465,22.05511535,23.42679884,20.64422653,,,,
Australia,AUS,Expense (% of GDP),GC.XPN.TOTL.GD.ZS,,,,,,,,,,,,,18.09858046,18.50369148,18.18242189,21.32277439,23.70414913,23.67502579,24.55921078,23.75691074,23.41659532,23.60976829,23.33994279,25.62838263,26.51678862,26.49082178,26.19690051,25.7495634,24.23683204,22.2133706,21.84906183,23.19443607,24.45693938,24.98355737,25.09220664,,,,,24.56375969,24.0996295,26.36095635,26.47560089,25.86197422,25.69987937,25.64123701,24.94371119,24.49891122,24.33525958,26.49963169,26.79008357,25.98115329,26.25827775,26.03682933,26.49500372,,
Austria,AUT,Expense (% of GDP),GC.XPN.TOTL.GD.ZS,,,,,,,,,,,,,25.97798333,27.67876867,27.9712581,31.18359842,31.69551141,31.48951942,33.93349531,33.40289094,33.55477509,34.64891299,35.08114558,35.50152435,35.79135139,35.65889751,36.36229864,36.94458307,37.2597004,35.83980157,35.6772164,36.12964614,36.7857658,38.85006151,38.76830908,48.30916438,48.33345458,47.14078427,46.86794072,46.70614983,45.83353581,46.20091135,45.56738509,45.71383636,48.2791455,45.6261777,44.9505963,43.78565361,44.4132418,47.70394925,46.25058761,45.34374592,45.97246945,46.39937212,47.70772956,,
Azerbaijan,AZE,Expense (% of GDP),GC.XPN.TOTL.GD.ZS,,,,,,,,,,,,,,,,,,,,,,,,,,,,,,,,,,,34.19971421,19.82696598,15.80770976,16.22147498,18.76773954,19.00964218,,,,,,,,,18.50776835,23.07880286,20.87248322,18.47836105,22.49300861,,,,
Burundi,BDI,Expense (% of GDP),GC.XPN.TOTL.GD.ZS,,,,,,,,,,,,,,,,,,,,,,,,,,,,,,,,23.02570104,27.69193313,28.25405902,25.18301693,23.62755937,22.71569745,,22.07828586,20.64762846,,,,,,,,,,,,,,,,,
Belgium,BEL,Expense (% of GDP),GC.XPN.TOTL.GD.ZS,,,,,,,,,,,,,,,,,,,,,,,,,,,,,,,,,,,,45.4248261,45.67337526,44.43193535,44.11143332,43.46085183,42.42396078,42.96431743,41.18153891,42.37371611,40.68383822,43.49437044,40.38847494,40.22305512,41.86473708,44.1532939,43.3925133,44.51224723,45.80838153,45.58466926,45.26208268
Benin,BEN,Expense (% of GDP),GC.XPN.TOTL.GD.ZS,,,,,,,,,,,,,,,,,,,,,,,,,,,,,,,,,,,,,,,,,,10.48643559,10.80258337,12.02075073,11.30185046,12.09031178,12.48628187,12.06503609,13.12193571,13.20788148,13.29620214,12.41214383,12.90226346,12.83019706,
Burkina Faso,BFA,Expense (% of GDP),GC.XPN.TOTL.GD.ZS,,,,,,,,,,,,,,,,,,,,,,,,,,,,,,,,,,,,,,,,,,,11.18394813,10.46689059,11.44891998,11.47681748,12.61981086,13.84840228,12.10347198,12.62901528,11.91574007,12.41529935,14.5365285,13.68401116,14.29020166
Bangladesh,BGD,Expense (% of GDP),GC.XPN.TOTL.GD.ZS,,,,,,,,,,,,,,,,,,,,,,,,,,,,,,,,,,,,,,,,,,7.852792471,7.887123728,7.836050278,7.604976598,8.14262834,8.334937302,8.662793141,9.428781171,9.871583603,9.266251067,9.843433904,,,
Bulgaria,BGR,Expense (% of GDP),GC.XPN.TOTL.GD.ZS,,,,,,,,,,,,,,,,,,,,,,,,,,,,,,,53.51548559,39.37288136,39.54880478,43.68350619,43.71518265,39.53343464,45.51569868,28.73887323,25.8528209,29.75765888,30.96720836,30.09261083,30.9979653,32.07062563,32.66552381,30.66740965,29.23277118,28.26443981,28.21570892,29.69510302,29.48551173,29.62277763,30.68649466,,
Bahrain,BHR,Expense (% of GDP),GC.XPN.TOTL.GD.ZS,,,,,,,,,,,,,,,,,,,,,,,,,,,,,,,26.49647887,24.75082099,26.05799373,26.14943998,25.25078699,23.38365115,22.23336191,22.74117108,23.94305621,24.07310802,19.90226118,20.84114741,23.08866664,20.86628787,19.36914197,17.31359464,16.28968511,16.00542441,16.21778182,19.76249801,19.46755287,22.29599733,,23.10086907,
"Bahamas, The",BHS,Expense (% of GDP),GC.XPN.TOTL.GD.ZS,,,,,,,,,,,,,,,,,,,,,,,,,,,,,,,,,,,,,,,,,,,,,,,,,,,,,,,
Bosnia and Herzegovina,BIH,Expense (% of GDP),GC.XPN.TOTL.GD.ZS,,,,,,,,,,,,,,,,,,,,,,,,,,,,,,,,,,,,,,,,,,,,,,32.61092452,33.98797731,36.07897453,37.85335142,39.85442827,39.19186996,38.15008189,39.07686106,37.41539495,40.02578658
Belarus,BLR,Expense (% of GDP),GC.XPN.TOTL.GD.ZS,,,,,,,,,,,,,,,,,,,,,,,,,,,,,,,,,31.47647377,36.3536719,29.94065148,28.74180619,27.7234267,27.21439707,25.90434019,27.05876945,25.3401651,26.8710549,24.67838383,28.212817,29.26987626,30.25076267,32.41348478,34.65778225,33.95036114,32.84861345,31.30754144,26.31320003,28.52134087,,
Belize,BLZ,Expense (% of GDP),GC.XPN.TOTL.GD.ZS,,,,,,,,,,,,,,,,,,,,,,,,,,,,,,,16.62389541,16.95108672,18.21244287,19.73445957,21.10124974,18.6474708,18.70401155,19.59600917,19.81161042,19.87431018,17.86929732,21.51129435,19.78093765,24.12344121,25.42865246,25.04494918,25.64298435,25.57149317,23.27328268,25.1845375,25.27994416,24.68362574,22.49607791,,
Bermuda,BMU,Expense (% of GDP),GC.XPN.TOTL.GD.ZS,,,,,,,,,,,,,,,,,,,,,,,,,,,,,,,,,,,,,,,,,,,,,,,,,,,,,,,
Bolivia,BOL,Expense (% of GDP),GC.XPN.TOTL.GD.ZS,,,,,,,,,,,,,,,,,,,,,,,,,,,11.97145406,12.16757973,11.67923743,13.06453664,14.19206565,14.52844137,17.56200121,20.37739203,18.97610038,17.70680029,18.83226278,19.68885406,19.67629716,20.50412019,20.55364904,24.24491675,28.78443521,28.2076377,27.21119876,25.98315319,23.93803933,21.81104345,,,,,,,
Brazil,BRA,Expense (% of GDP),GC.XPN.TOTL.GD.ZS,,,,,,,,,,,,,,,,,,,,,,,,,,,,,,,34.18727526,23.47084956,28.48322062,36.51037381,32.20728081,,,21.81558657,21.89450105,21.70985322,21.36809831,22.58163205,22.62731519,24.68838693,22.70053254,25.36901598,26.75622053,26.20878819,26.13597866,25.54000779,25.89365512,24.9196739,24.36267479,,
Barbados,BRB,Expense (% of GDP),GC.XPN.TOTL.GD.ZS,,,,,,,,,,,,,,,,,,,,,,,,,,,,,,,,,,,,,,,,,,,,26.44458015,25.2809788,27.54137636,26.35866106,30.08102245,32.17617398,32.9808292,35.00546277,34.49004779,37.96337978,38.80372544,
Brunei Darussalam,BRN,Expense (% of GDP),GC.XPN.TOTL.GD.ZS,,,,,,,,,,,,,,,,,,,,,,,,,,,,,,,,,,,,,,,,,,,,,,,,,,,,,,,
Bhutan,BTN,Expense (% of GDP),GC.XPN.TOTL.GD.ZS,,,,,,,,,,,,,,,,,,,,,,,,,,,,,,,20.55712377,19.64987106,18.19681039,17.73451473,19.46428748,20.15766384,23.33822811,19.62422067,17.1990696,18.09275956,19.18597454,20.1846474,18.49033443,18.54507294,16.98588705,19.75566974,19.29795989,18.38410573,22.56418968,23.28780974,,,,,
Botswana,BWA,Expense (% of GDP),GC.XPN.TOTL.GD.ZS,,,,,,,,,,,,,,,,,,,,,,,,,,,,,,,26.68160259,27.84054198,30.49874827,32.627981,29.0775366,30.62405637,28.96263706,,,,,,,,,,28.70070958,30.09057238,35.05119653,38.60812599,33.12416135,28.69994565,29.93042647,,
Central African Republic,CAF,Expense (% of GDP),GC.XPN.TOTL.GD.ZS,,,,,,,,,,,,,,,,,,,,,,,,,,,,,,,,,,,,,,,,,,,,,9.661628513,,,,11.00608242,16.48351087,17.6074631,14.81550541,9.406368124,,
Canada,CAN,Expense (% of GDP),GC.XPN.TOTL.GD.ZS,,,,,,,,,,,,,,,,,,,,,,,,,,,,,,,,25.41798176,25.55337219,25.12543513,23.72252558,23.44406875,22.26766376,20.39701207,20.20975253,19.80753761,18.78716958,18.74108399,17.97928794,18.05417035,17.26613571,17.82695896,17.01714306,16.94099643,17.12965456,18.89885253,18.83437587,18.05395944,17.48582407,17.2016808,16.70951926
Central Europe and the Baltics,CEB,Expense (% of GDP),GC.XPN.TOTL.GD.ZS,,,,,,,,,,,,,,,,,,,,,,,,,,,,,,,,,,,36.57891531,33.96155482,30.9079831,30.48803168,30.10782873,30.05399832,29.93251454,31.40750459,31.98225577,35.61949029,34.57330705,34.24734926,33.97562335,33.03625975,33.85344658,35.67541407,35.44555803,34.53376546,34.03724266,33.03804947,26.7910154
Switzerland,CHE,Expense (% of GDP),GC.XPN.TOTL.GD.ZS,,,,,,,,,,,,,,,,,,,,,17.19711803,16.51604953,17.27370252,17.70290303,17.79151638,,,,,,,20.63322754,22.31683747,23.60445556,23.54762202,23.7554728,24.72328102,24.72926804,24.95379451,24.51041086,23.47187033,17.01161899,17.85960165,18.27276469,18.12234492,17.73867783,16.83973647,16.22797579,15.75802612,16.71038964,16.56553324,16.49411828,16.33306152,17.1727667,
Channel Islands,CHI,Expense (% of GDP),GC.XPN.TOTL.GD.ZS,,,,,,,,,,,,,,,,,,,,,,,,,,,,,,,,,,,,,,,,,,,,,,,,,,,,,,,
Chile,CHL,Expense (% of GDP),GC.XPN.TOTL.GD.ZS,,,,,,,,,,,,,33.29448976,27.2565437,25.08159662,29.22608531,26.9276515,28.44076299,27.99325629,25.38384585,25.49473654,26.9064908,31.97430553,29.92919132,30.31879034,27.638258,25.62288529,22.4555393,20.34379778,18.64561209,17.64938736,17.7914423,17.15212897,17.15639903,16.5189172,15.56884836,16.32116667,16.42438667,17.79538142,19.38078237,19.8648232,19.82978868,19.89740798,19.00562272,17.9275836,17.25078762,16.1293526,16.36574492,18.56278623,21.46444495,20.59763097,20.02695485,20.40864386,20.45236957,21.04980482
China,CHN,Expense (% of GDP),GC.XPN.TOTL.GD.ZS,,,,,,,,,,,,,,,,,,,,,,,,,,,,,,,,,,,,,,,,,,,,,,,,,,,,,,,
Cote d'Ivoire,CIV,Expense (% of GDP),GC.XPN.TOTL.GD.ZS,,,,,,,,,,,,,,,,,,,,,,,,,,,,,,,,,,,,,,,,,,12.44636836,13.21872345,14.29486426,14.32857734,14.80621699,13.83877022,15.05226292,15.43965546,14.56762769,14.9026473,13.87457815,15.20021094,13.5659785,13.12429175
Cameroon,CMR,Expense (% of GDP),GC.XPN.TOTL.GD.ZS,,,,,,,,,,,,,,,,,,,,,,,,,,,,,,,14.55678835,15.80893336,14.92942781,12.63218737,11.18507283,10.61836674,,,11.63519851,12.00205984,,,,,,,,,,,,,,,
"Congo, Rep.",COG,Expense (% of GDP),GC.XPN.TOTL.GD.ZS,,,,,,,,,,,,,,,,,,,,,,,,,,,,,,,,,34.82740855,35.04802,33.91831915,29.82389699,24.83650073,34.27011876,38.10103469,26.66114676,,23.6499894,28.04154251,20.24841857,30.79457438,24.79095596,20.22888735,21.16652936,16.26508296,16.06042374,13.3867093,,,,
Colombia,COL,Expense (% of GDP),GC.XPN.TOTL.GD.ZS,,,,,,,,,,,,,,,,,,,,,,,,,,,,,,,,,,,,,,,19.31660667,22.12019435,16.93314287,,,27.62228172,,,,,24.38761162,24.57948071,25.36410454,24.1907026,25.11842196,28.15761361,32.494764
Comoros,COM,Expense (% of GDP),GC.XPN.TOTL.GD.ZS,,,,,,,,,,,,,,,,,,,,,,,,,,,,,,,,,,,,,,,,,,,,,,,,,,,,,,,
Cabo Verde,CPV,Expense (% of GDP),GC.XPN.TOTL.GD.ZS,,,,,,,,,,,,,,,,,,,,,,,,,,,,,,,,,,,,,,,,,,,,,,30.24272087,29.6098116,24.82951779,22.93368697,22.71518946,,,,,
Costa Rica,CRI,Expense (% of GDP),GC.XPN.TOTL.GD.ZS,,,,,,,,,,,,,,15.54750831,15.05784798,16.30505943,16.34777225,16.1408549,20.53394925,21.28127096,21.59133407,18.09021274,16.62477154,16.59637334,15.95470438,15.93941373,19.56707287,19.83646895,17.66642506,18.62878267,18.70852363,18.50473697,17.7618076,19.2520968,22.84776629,21.27714138,22.17843645,21.0370588,20.43823394,19.96448606,20.74520062,22.16565221,24.20716851,23.29028242,22.54360785,22.73668621,21.7803335,21.6130953,22.3689116,25.89287587,26.57351937,26.31724306,27.05060078,27.44029892,27.14567287
Caribbean small states,CSS,Expense (% of GDP),GC.XPN.TOTL.GD.ZS,,,,,,,,,,,,,,,,,,,,,,,,,,,,,,,,,,,,,,,,,,26.67515901,27.50985454,26.04691772,26.30232562,25.46914648,28.50633668,27.03895686,28.32997551,33.18816613,31.44486632,,,,
Cuba,CUB,Expense (% of GDP),GC.XPN.TOTL.GD.ZS,,,,,,,,,,,,,,,,,,,,,,,,,,,,,,,,,,,,,,,,,,,,,,,,,,,,,,,
Curacao,CUW,Expense (% of GDP),GC.XPN.TOTL.GD.ZS,,,,,,,,,,,,,,,,,,,,,,,,,,,,,,,,,,,,,,,,,,,,,,,,,,,,,,,
Cayman Islands,CYM,Expense (% of GDP),GC.XPN.TOTL.GD.ZS,,,,,,,,,,,,,,,,,,,,,,,,,,,,,,,,,,,,,,,,,,,,,,,,,,,,,,,
Cyprus,CYP,Expense (% of GDP),GC.XPN.TOTL.GD.ZS,,,,,,,,,,,,,,,,30.21400575,25.88200156,23.34436206,23.74333745,22.50079365,24.51006136,25.72945141,26.7528542,30.54279868,26.65619705,27.20010641,25.26953632,27.37332961,27.70279005,27.4752965,50.40163665,51.9479482,50.69858638,50.18478707,50.97395482,46.04682657,48.02884388,50.52946457,54.13770817,53.42787908,54.12369786,55.66217519,58.09446754,63.72186112,61.33779259,63.45232413,62.55712199,61.11899282,62.47574878,39.24086773,39.05693455,40.01182342,40.37996797,41.07856199,47.88113059
Czech Republic,CZE,Expense (% of GDP),GC.XPN.TOTL.GD.ZS,,,,,,,,,,,,,,,,,,,,,,,,,,,,,,,,,,31.31218917,30.79563517,30.23672328,29.27962918,29.41569468,28.94043509,29.05627319,30.81213674,32.48268706,34.33946476,34.3166392,32.48461242,32.99819642,32.70864419,31.14969679,31.33348907,34.53178837,34.01896121,33.6102002,33.16762379,,
Germany,DEU,Expense (% of GDP),GC.XPN.TOTL.GD.ZS,,,,,,,,,,,,,20.24514255,20.66405155,22.27830168,24.5751452,24.73544507,24.8111263,24.80042872,24.34463805,25.4809535,26.27023898,26.5124157,26.09149396,26.29625083,25.86343361,25.44162632,25.85476234,25.64277353,24.65059377,24.77944202,31.20369667,31.43117524,31.84901776,31.88074021,38.39247346,32.5024918,31.93026247,31.79052933,31.66668281,31.317943,30.76500677,31.13679055,31.58183489,30.40693731,30.44996219,29.21942965,27.96986348,28.23026537,30.99452095,31.25609482,28.86157477,28.45781637,28.6664516,28.42141546
Djibouti,DJI,Expense (% of GDP),GC.XPN.TOTL.GD.ZS,,,,,,,,,,,,,,,,,,,,,,,,,,,,,,,,,,,,,,,,,,,,,,,,,,,,,,,
Dominica,DMA,Expense (% of GDP),GC.XPN.TOTL.GD.ZS,,,,,,,,,,,,,,,,,,,,,,,,,,,,,,,,,,,,,,,,,25.37540099,25.71181631,25.29123027,24.49097129,23.03626012,23.74,23.16888046,23.54130053,23.89652385,21.83951552,23.76594149,24.23190547,25.80152672,,
Denmark,DNK,Expense (% of GDP),GC.XPN.TOTL.GD.ZS,,,,,,,,,,,,,29.41538513,27.05013916,30.40113838,31.19667062,30.0933345,30.52380754,31.41076216,32.89647364,36.11149141,38.3595774,39.47628374,39.96018319,39.45086054,37.74208566,35.24743654,35.07437721,36.65258033,37.00921525,37.04479745,36.6587934,37.63104685,40.35396889,40.71214928,42.32437966,40.99027227,39.32942976,38.97568947,38.17591487,36.793397,36.6254814,36.63870277,37.08158199,36.83113642,34.88755699,33.21980635,36.05801074,36.84115075,42.13645438,42.55699695,42.69724512,43.79969458,41.94066782,
Dominican Republic,DOM,Expense (% of GDP),GC.XPN.TOTL.GD.ZS,,,,,,,,,,,,,11.36214965,10.67514013,11.27290129,9.362931421,10.391254,,10.75527815,14.83596394,14.07178383,13.16361671,11.410095,12.15727195,11.20285791,10.70386841,11.26727351,8.478547939,9.451301651,8.487014786,6.896088666,5.566493283,7.066754684,8.624081487,8.060969053,7.830793187,8.131433803,10.46067781,10.4368118,10.95753164,11.12909826,12.51525373,12.77961946,10.89621457,13.72693192,14.44098409,14.58778847,13.6157659,15.44017219,15.1518994,14.23999993,13.96401305,15.89161743,15.82287824,
Algeria,DZA,Expense (% of GDP),GC.XPN.TOTL.GD.ZS,,,,,,,,,,,,,,,,,,,,,,,,,,,,,,,,,,,25.23995965,24.17889039,22.37338515,23.79523132,23.45362925,23.9236298,20.76374462,22.7956995,24.27050677,21.78210315,20.9025306,17.09739047,19.19007163,21.01308533,23.23975829,25.65092026,24.47053632,29.53107297,,,
East Asia & Pacific (excluding high income),EAP,Expense (% of GDP),GC.XPN.TOTL.GD.ZS,,,,,,,,,,,,,,,,,,,,,,,,,,,,,,,,,,,,,,,,,,,,,,,,,,,,,,,
Early-demographic dividend,EAR,Expense (% of GDP),GC.XPN.TOTL.GD.ZS,,,,,,,,,,,,,,,,,,,,,,,,,,,,,,,17.89806797,16.94418996,17.81464342,17.73235772,17.49293856,17.22411943,17.68704955,18.58436726,17.98616953,,,,,,,,,,,,,,,,
East Asia & Pacific,EAS,Expense (% of GDP),GC.XPN.TOTL.GD.ZS,,,,,,,,,,,,,,,,,,,,,,,,,,,,,,,,,,,,,,,,,,,,,,,,,,,,,,,
Europe & Central Asia (excluding high income),ECA,Expense (% of GDP),GC.XPN.TOTL.GD.ZS,,,,,,,,,,,,,,,,,,,,,,,,,,,,,,,,,,,26.30058389,16.64279299,,,24.2647867,21.79042173,22.54634533,23.60520873,23.43184295,23.83838371,23.1668687,,,,26.45308674,34.1766553,30.9502653,28.02471999,28.8867287,28.71244113,29.81048883
Europe & Central Asia,ECS,Expense (% of GDP),GC.XPN.TOTL.GD.ZS,,,,,,,,,,,,,,24.85065376,26.31063786,28.88390407,29.02137594,29.29497418,30.29337687,30.82634971,31.52925815,31.78902596,33.5666093,32.79397535,32.89966144,33.64496868,34.80887127,34.78813373,33.46838495,32.99954868,33.64380971,35.51110231,37.04297966,38.16603602,36.78282766,42.59088851,38.31970302,36.45429011,34.60798988,34.21149964,33.62280731,33.77376629,34.04038081,34.6510111,34.1409536,34.25345589,33.68968244,33.49557925,34.17914796,37.88846396,37.49504098,35.99665434,36.79543561,36.58925663,36.68285616
Ecuador,ECU,Expense (% of GDP),GC.XPN.TOTL.GD.ZS,,,,,,,,,,,,,,,,,,,,,,,,,,,,,,,7.293867971,9.876301241,16.6600397,20.88830998,21.5223657,,,,,,,,,,,,,,,,,,,,
"Egypt, Arab Rep.",EGY,Expense (% of GDP),GC.XPN.TOTL.GD.ZS,,,,,,,,,,,,,,,,,,,,,,,,,,,,,,,24.02907514,27.62116498,34.94392523,31.48453608,31,28.125,26.94812554,24.23204212,,,,,27.24835049,27.33245509,26.89037709,27.38885794,32.76367169,29.33523093,30.31820436,30.07712531,28.86025195,29.1899278,29.00295787,,
Euro area,EMU,Expense (% of GDP),GC.XPN.TOTL.GD.ZS,,,,,,,,,,,,,22.86926666,24.48926664,25.6018508,28.29052771,28.362307,28.85226611,30.04928883,30.6143437,31.89984205,31.77193883,33.17468327,33.30887468,33.52684308,33.81102002,35.77426224,36.13251423,34.76890299,34.30552302,34.52644976,37.02642932,38.32993969,39.6811067,39.05464389,41.6939654,40.28421457,38.06952009,36.8455466,36.3261607,35.52148329,35.61652982,35.58939186,36.12271401,35.57635461,35.56242744,35.0788159,34.45178642,35.18076615,38.57133325,38.68456125,37.29564539,38.25614028,38.06313161,37.89443356
Eritrea,ERI,Expense (% of GDP),GC.XPN.TOTL.GD.ZS,,,,,,,,,,,,,,,,,,,,,,,,,,,,,,,,,,,,,,,,,,,,,,,,,,,,,,,
Spain,ESP,Expense (% of GDP),GC.XPN.TOTL.GD.ZS,,,,,,,,,,,,,16.04049097,16.23720515,16.44177869,17.33612875,17.63869528,19.23474085,21.00841471,22.58825962,23.15379576,23.52534081,26.34829553,27.00102674,27.69087142,29.70274486,29.60441026,29.64648687,29.18002829,29.48082172,29.4124689,30.23742505,31.79735698,34.72517147,33.85706829,24.70081879,35.14299415,21.97649257,21.56659603,20.61007949,20.15117988,19.49128555,17.98747611,17.3908985,17.72898238,16.88843134,16.99527964,17.05725444,17.62280652,21.41813882,19.77134145,19.66119619,25.47954111,22.33368112,21.5785278
Estonia,EST,Expense (% of GDP),GC.XPN.TOTL.GD.ZS,,,,,,,,,,,,,,,,,,,,,,,,,,,,,,,,,,,,2.085350178,2.263794417,1.893843838,1.979541932,2.078105902,1.874127994,1.769844687,1.760853952,1.746751659,1.762898796,1.714763666,1.700534393,1.680639064,1.964872835,2.343149103,2.205702155,2.008499199,1.963276249,1.976789607,
Ethiopia,ETH,Expense (% of GDP),GC.XPN.TOTL.GD.ZS,,,,,,,,,,,,,,,,,,,,,,,,,,,,,,,16.08524824,13.27510748,11.39437578,10.46705828,12.43934556,11.86534759,11.09548648,12.3955205,16.0038959,18.15917265,,14.51271891,17.24556187,15.76337329,16.16704923,14.8516589,9.515827033,7.693193532,12.87806064,12.15311671,12.50319755,10.58393132,,,
European Union,EUU,Expense (% of GDP),GC.XPN.TOTL.GD.ZS,,,,,,,,,,,,,24.39943443,25.20672974,26.90403537,29.54427398,29.63859215,29.8430857,30.85422285,31.30197955,32.64049654,33.25845529,34.28992528,34.26998795,34.38086912,34.58948174,35.77466449,35.69255668,34.24009269,33.69844522,34.35710777,36.73639692,38.37940556,39.38737959,38.73863141,40.86452883,39.49432844,37.50782559,36.40230422,35.9443523,35.26039014,35.50517585,35.66926216,36.33968048,35.88433013,36.03035886,35.46036233,34.97063382,36.0224651,39.1764716,39.20848463,37.87351431,38.70252613,38.31206244,37.58885407
Fragile and conflict affected situations,FCS,Expense (% of GDP),GC.XPN.TOTL.GD.ZS,,,,,,,,,,,,,,,,,,,,,,,,,,,,,,,,,,,,,,,,,,,,,,,,,,,,,,,
Finland,FIN,Expense (% of GDP),GC.XPN.TOTL.GD.ZS,,,,,,,,,,,,,20.64277311,19.85754064,21.07349213,24.6914245,25.36495067,26.16351382,26.14854131,25.97463466,25.35602018,25.80523948,27.03431156,28.0608833,26.98463958,27.79364279,28.22844283,28.70695904,27.59146227,26.86829968,28.13955321,34.40849336,39.09419849,41.88359525,40.42232123,49.34757904,45.73388203,41.27309505,38.38862953,37.35650749,34.7810452,34.12837431,35.24334239,35.79095989,35.49915761,35.61656335,35.22831288,33.6004159,34.35014016,39.3478393,39.58845537,39.01985584,40.10751127,41.17135017,41.72496444
Fiji,FJI,Expense (% of GDP),GC.XPN.TOTL.GD.ZS,,,,,,,,,,,,,,,,,,,,,,,,,,,,,,,23.95656566,23.57884427,24.21013769,27.58754709,26.98323604,26.76350644,26.96251673,,,,,,,,24.92124643,24.49545391,26.30340028,,,,,,,,
France,FRA,Expense (% of GDP),GC.XPN.TOTL.GD.ZS,,,,,,,,,,,,,29.88930023,29.23883816,30.99327177,33.46096161,33.66679344,34.03302316,34.99137269,35.38811025,36.34872234,38.74441333,39.7981462,40.52597126,40.91741865,41.19582744,40.60937881,40.42770273,39.54539422,38.60612883,38.762191,39.99120159,41.31986415,43.50702445,43.66278534,47.19104351,47.23066683,47.44452463,45.69142154,45.46462367,44.2375421,44.59401319,45.54888258,45.82151752,45.23278251,45.38496923,44.95545758,44.48694691,45.03979357,48.34657561,49.63024767,47.96857743,48.57761189,48.56521149,49.186955
Faroe Islands,FRO,Expense (% of GDP),GC.XPN.TOTL.GD.ZS,,,,,,,,,,,,,,,,,,,,,,,,,,,,,,,,,,,,,,,,,,,,,,,,,,,,,,,
"Micronesia, Fed. Sts.",FSM,Expense (% of GDP),GC.XPN.TOTL.GD.ZS,,,,,,,,,,,,,,,,,,,,,,,,,,,,,,,,,,,,,,,,,,,,,,,,,,,,,,,
Gabon,GAB,Expense (% of GDP),GC.XPN.TOTL.GD.ZS,,,,,,,,,,,,,,,,,,,,,,,,,,,,,,,,,,,,,,,,,,,,,,,,,,,,,,,
United Kingdom,GBR,Expense (% of GDP),GC.XPN.TOTL.GD.ZS,,,,,,,,,,,,,29.51185823,28.83807924,33.25357495,36.48900928,36.44495944,34.52816677,34.4890188,33.97992214,35.55987939,37.484438,37.67154884,36.88161956,36.8195627,35.93275821,34.97785826,33.13741186,30.97244128,29.65462338,32.58304327,34.78407818,37.64062663,37.36898326,37.07977499,38.21965896,37.01509824,35.62176283,34.69808847,34.59200747,34.73006166,35.41258403,36.34805056,37.63934718,38.08543813,39.43106603,38.53919324,38.46111868,41.58030057,44.18537188,43.95062062,42.40212908,43.12733566,40.77013215,39.8430802
Georgia,GEO,Expense (% of GDP),GC.XPN.TOTL.GD.ZS,,,,,,,,,,,,,,,,,,,,,,,,,,,,,,,,,,,,,,15.3789522,14.35653636,14.4160141,11.55706477,10.81210976,11.26203154,10.69114991,14.57814411,17.31957858,20.30540972,22.89072987,29.12054003,30.94247775,26.35300581,24.34646427,25.38093035,,
Ghana,GHA,Expense (% of GDP),GC.XPN.TOTL.GD.ZS,,,,,,,,,,,,,,,,,,,,,,,,,,,,,,,,,,,,,,,,,,18.71164176,20.02902665,22.02037568,23.47931102,22.74578899,15.62096949,17.86514415,20.54609475,18.02795239,20.15750429,21.14092605,,,
Gibraltar,GIB,Expense (% of GDP),GC.XPN.TOTL.GD.ZS,,,,,,,,,,,,,,,,,,,,,,,,,,,,,,,,,,,,,,,,,,,,,,,,,,,,,,,
Guinea,GIN,Expense (% of GDP),GC.XPN.TOTL.GD.ZS,,,,,,,,,,,,,,,,,,,,,,,,,,,,,,,,,,,,,,,12.05869411,13.463863,,,,,,,,,,,,,,,
"Gambia, The",GMB,Expense (% of GDP),GC.XPN.TOTL.GD.ZS,,,,,,,,,,,,,,,,,,,,,,,,,,,,,,,17.16006953,,,,,,,,,,,,,,,,,,,,,,,,
Guinea-Bissau,GNB,Expense (% of GDP),GC.XPN.TOTL.GD.ZS,,,,,,,,,,,,,,,,,,,,,,,,,,,,,,,,,,,,,,,,,,,,,,,,,,,,,,,
Equatorial Guinea,GNQ,Expense (% of GDP),GC.XPN.TOTL.GD.ZS,,,,,,,,,,,,,,,,,,,,,,,,,,,,,,,,,,,,,,,,,,,,,,,,4.061607907,4.993279758,6.972531678,,,,,
Greece,GRC,Expense (% of GDP),GC.XPN.TOTL.GD.ZS,,,,,,,,,,,,,16.09428474,15.80969279,18.19953513,17.90481857,19.36353985,20.30911672,20.15286548,19.97638433,21.39792204,24.17743244,33.69673521,27.37901189,31.24599333,31.57905775,31.39804047,34.3387547,34.12576515,38.27188225,42.29028876,,,,,44.76723387,44.16972306,42.81410911,43.19726697,42.30401227,43.34384467,42.87032975,42.42914212,42.43707049,43.84670205,43.37181155,42.84739193,44.49952996,47.70561345,51.69571774,50.85442819,54.32672125,55.12544234,59.92991489,48.59781557
Grenada,GRD,Expense (% of GDP),GC.XPN.TOTL.GD.ZS,,,,,,,,,,,,,,,,,,,,,,,,,,,,,,,,23.65233656,22.72720563,23.02797099,22.74900962,21.42359249,,,,21.32684175,16.40885628,18.38885061,19.41861104,17.90381035,19.831602,16.03728533,16.83457052,16.89453125,18.5470852,20.00527359,19.62298034,20.01568339,21.2114581,,
Greenland,GRL,Expense (% of GDP),GC.XPN.TOTL.GD.ZS,,,,,,,,,,,,,,,,,,,,,,,,,,,,,,,,,,,,,,,,,,,,,,,,,,,,,,,
Guatemala,GTM,Expense (% of GDP),GC.XPN.TOTL.GD.ZS,,,,,,,,,,,,,,,,,,,,,,,,,,,,,,,9.131265078,8.159387531,9.622357563,8.626651413,7.942995558,7.562050349,7.996350284,8.267349957,9.41325711,10.51820438,10.93999551,13.18595348,12.77404408,14.34610918,12.6700912,12.8343701,13.01166373,12.45732235,11.68226904,12.41839515,12.65203355,12.53705541,12.96372049,,
Guam,GUM,Expense (% of GDP),GC.XPN.TOTL.GD.ZS,,,,,,,,,,,,,,,,,,,,,,,,,,,,,,,,,,,,,,,,,,,,,,,,,,,,,,,
Guyana,GUY,Expense (% of GDP),GC.XPN.TOTL.GD.ZS,,,,,,,,,,,,,,,,,,,,,,,,,,,,,,,,,,,,,,,,,,,,,,,,,,,,,,,
High income,HIC,Expense (% of GDP),GC.XPN.TOTL.GD.ZS,,,,,,,,,,,,,19.57484829,20.44643499,21.30623355,23.29683344,23.63516964,23.75390009,24.17058286,24.39595554,25.49257672,25.49631294,26.56136234,26.86582819,26.2866341,26.51038668,27.41263875,26.97741627,26.10235936,25.74550395,25.84582027,29.55780725,29.554716,29.77188113,29.22848124,33.35624281,29.60569727,28.11144828,27.4386426,26.79223997,26.4897521,27.31912932,27.58588806,28.13364336,27.70598064,26.41211566,26.05893062,25.75873432,27.07619617,29.93665945,30.00373154,29.24615392,29.27602876,28.78364629,29.86321828
"Hong Kong SAR, China",HKG,Expense (% of GDP),GC.XPN.TOTL.GD.ZS,,,,,,,,,,,,,,,,,,,,,,,,,,,,,,,,,,,,,,,,,,,20.97235755,21.24401949,19.26126249,19.6523674,16.34927577,15.93657724,18.52388855,18.81319588,,,,,
Honduras,HND,Expense (% of GDP),GC.XPN.TOTL.GD.ZS,,,,,,,,,,,,,13.1693657,11.13424719,10.65248913,11.89946619,12.55563845,,,,,,,,,,,,,,,,,,,,,,,,,,,20.90257657,19.54129065,19.88158744,19.90821085,22.42385532,22.04700078,23.60761914,22.74800692,22.50415237,23.49926829,23.89384039,24.53912131
Heavily indebted poor countries (HIPC),HPC,Expense (% of GDP),GC.XPN.TOTL.GD.ZS,,,,,,,,,,,,,,,,,,,,,,,,,,,,,,,,,,,,,,,,,,,,,,,,,,,,,,,
Croatia,HRV,Expense (% of GDP),GC.XPN.TOTL.GD.ZS,,,,,,,,,,,,,,,,,,,,,,,,,,,,,,,,,,,,35.67927969,35.32724546,35.06068321,36.65944089,38.41548131,38.683222,36.9587211,35.65945961,34.73378914,34.65551642,34.17289991,33.53892459,33.84168097,34.13607127,36.42488683,37.36856027,36.81073321,36.59503219,,
Haiti,HTI,Expense (% of GDP),GC.XPN.TOTL.GD.ZS,,,,,,,,,,,,,,,,,,,,,,,,,,,,,,,,,,,,,,,,,,,,,,,,,,,,,,,
Hungary,HUN,Expense (% of GDP),GC.XPN.TOTL.GD.ZS,,,,,,,,,,,,,,,,,,,,,,,,,,,,,,,,49.99947857,51.70601575,50.67230199,51.38188125,51.57125868,47.19999808,44.99216562,45.40871056,44.02898632,41.48147942,41.12618364,43.16926416,43.05816167,42.08344914,42.30468138,43.45098333,42.95051174,44.77070609,45.62930762,44.51457848,45.85501808,44.52005525,46.85309382,45.56865817
IBRD only,IBD,Expense (% of GDP),GC.XPN.TOTL.GD.ZS,,,,,,,,,,,,,,,,,,,,,,,,,,,,,,,,,,,,,,,,,,,,,,,,,,,,,,,
IDA & IBRD total,IBT,Expense (% of GDP),GC.XPN.TOTL.GD.ZS,,,,,,,,,,,,,,,,,,,,,,,,,,,,,,,,,,,,,,,,,,,,,,,,,,,,,,,
IDA total,IDA,Expense (% of GDP),GC.XPN.TOTL.GD.ZS,,,,,,,,,,,,,,,,,,,,,,,,,,,,,,,,,,,,,,,,,,,,13.94610559,13.3108422,,,,,14.1705052,13.60526455,13.90864052,,,
IDA blend,IDB,Expense (% of GDP),GC.XPN.TOTL.GD.ZS,,,,,,,,,,,,,,,,,,,,,,,,,,,,,,,,,,,,,,,,,,,,15.34293273,13.87655522,13.64321037,12.82259152,13.13325804,14.21570055,13.75070457,12.17808747,12.10683919,12.14272763,,
Indonesia,IDN,Expense (% of GDP),GC.XPN.TOTL.GD.ZS,,,,,,,,,,,,,,,,,,,,,,,,,,,,,,,11.79989397,10.22528403,10.7767525,10.70962957,9.984833087,9.711029679,10.36280828,13.79578425,13.42966567,16.32916598,,,15.71344559,16.25792815,16.853936,,,,,,14.01209106,15.0246301,15.61349352,,
IDA only,IDX,Expense (% of GDP),GC.XPN.TOTL.GD.ZS,,,,,,,,,,,,,,,,,,,,,,,,,,,,,,,,,,,,,,,,,,,,,,,,,,,15.0571542,,,,
Isle of Man,IMN,Expense (% of GDP),GC.XPN.TOTL.GD.ZS,,,,,,,,,,,,,,,,,,,,,,,,,,,,,,,,,,,,,,,,,,,,,,,,,,,,,,,
India,IND,Expense (% of GDP),GC.XPN.TOTL.GD.ZS,,,,,,,,,,,,,,,,,,,,,,,,,,,,,,,15.2173514,15.07461697,14.85594818,14.88408688,14.35162254,14.00020495,13.83803386,14.34589922,14.15931919,14.54889505,15.14480908,15.27770148,15.77628063,15.30911872,14.87266211,14.92236576,15.04773577,14.98731855,16.87299029,16.56203421,16.1877886,14.42388222,16.1547621,,
Not classified,INX,Expense (% of GDP),GC.XPN.TOTL.GD.ZS,,,,,,,,,,,,,,,,,,,,,,,,,,,,,,,,,,,,,,,,,,,,,,,,,,,,,,,
Ireland,IRL,Expense (% of GDP),GC.XPN.TOTL.GD.ZS,,,,,,,,,,,,,28.62695394,28.62092388,31.49501837,34.78497198,35.277205,34.06368084,35.31699112,36.88217122,40.24473268,42.12488534,45.52675207,46.4483477,44.97509313,45.81319739,44.98415976,44.66407423,41.0300109,35.13022431,35.70194517,37.08321549,37.54002286,37.58753732,37.07407947,37.16591241,35.32531158,33.0747464,31.12021012,30.52667263,27.67131854,28.97847004,29.44439579,29.65264411,29.70143066,30.46248084,30.65439714,31.94320623,37.01018369,44.04347907,62.77187674,42.93514872,39.21299762,37.83911961,35.99428546
"Iran, Islamic Rep.",IRN,Expense (% of GDP),GC.XPN.TOTL.GD.ZS,,,,,,,,,,,,,,,,,,,,,,,,,,,,,,,14.66729963,13.20431735,13.89205573,14.83137226,15.53835602,14.87712263,15.61048414,15.92132021,18.1678412,16.5807734,15.59062572,17.54633525,17.48590516,17.17553163,17.22822768,20.00380338,21.33091276,17.4443626,18.94700263,20.4947314,,,,,
Iraq,IRQ,Expense (% of GDP),GC.XPN.TOTL.GD.ZS,,,,,,,,,,,,,,,,,,,,,,,,,,,,,,,,,,,,,,,,,,,,,,,,,,,,,,,
Iceland,ISL,Expense (% of GDP),GC.XPN.TOTL.GD.ZS,,,,,,,,,,,,,22.68690597,23.50830241,26.62438553,26.16489997,22.33104544,22.32200577,23.3911931,24.44262017,22.67117121,23.17364212,24.13274358,25.62269903,23.01130671,24.95076919,27.66495879,26.51139592,29.56541334,31.09350287,29.18381605,30.41403363,30.84399674,30.07618989,29.8156717,29.99549723,29.61303198,27.1125032,29.42866538,30.06150292,29.67639501,29.9680941,30.96304124,32.31407266,30.78105482,29.91454026,28.7297415,28.45491054,42.55559262,35.90526355,37.69255981,34.73940009,34.3575824,32.25687976,33.27808284
Israel,ISR,Expense (% of GDP),GC.XPN.TOTL.GD.ZS,,,,,,,,,,,,,46.69001167,64.48617416,62.56144428,66.52253451,72.81627039,74.35719249,66.96146557,75.52258935,72.03526503,74.37355741,73.48576067,88.41495637,88.60791338,69.28649246,60.03507705,56.98932515,49.44600158,49.37627817,49.80327219,36.32271697,47.16578714,45.25394601,44.45912318,40.74562511,41.74862858,41.01131842,40.71890703,40.02914118,43.90914751,45.82539597,46.82128893,45.5936825,43.22295558,42.41870667,40.97813709,39.05306994,38.68947818,38.74447102,38.09763433,37.61861977,37.96473273,37.93079462,37.70900592
Italy,ITA,Expense (% of GDP),GC.XPN.TOTL.GD.ZS,,,,,,,,,,,,,,26.70816868,26.66904212,31.13287243,30.10917245,30.26143157,33.99992147,35.84899877,38.69848269,,,,,,46.29946723,47.14635483,42.560392,43.45394199,43.38608061,44.22581158,47.23541332,48.2887103,46.02895656,47.45714479,46.61256216,44.56681576,40.9219914,39.9057473,38.72315331,39.67864299,38.83394547,38.79221156,38.08293312,38.47910332,38.90618891,38.44824376,39.43164978,43.19762105,41.75867478,41.12844229,42.45903896,42.65574561,42.93123411
Jamaica,JAM,Expense (% of GDP),GC.XPN.TOTL.GD.ZS,,,,,,,,,,,,,,,,25.16151458,30.14389668,30.43699118,,,,,,39.10942002,32.66549196,37.13884217,,,,,,,22.24569646,30.41514446,29.40795823,33.27404436,39.39410303,33.57829153,30.78632924,31.75396991,31.51310201,31.61696802,33.64838682,34.34431452,34.29570826,30.76272784,32.47281777,34.250682,35.63923645,41.22124003,35.78263506,34.81365763,33.15410384,30.85623316,29.05394638
Jordan,JOR,Expense (% of GDP),GC.XPN.TOTL.GD.ZS,,,,,,,,,,,,,,,,,,,,,,,,,,,,,,,29.69074985,28.95672752,24.68397929,25.89638316,24.92228292,26.14052967,28.80436607,28.42562159,28.52264967,26.77867771,27.12839864,26.99512647,28.34296656,29.47276678,32.14949739,35.64896745,32.75371773,33.88390824,31.41903874,30.09637042,25.29898248,28.02976883,29.52543632,,
Japan,JPN,Expense (% of GDP),GC.XPN.TOTL.GD.ZS,,,,,,,,,,,,,11.19565474,11.32673845,12.68522268,13.29865655,13.95738484,14.60345971,15.61671433,16.33931345,16.82797798,16.98518302,16.96066115,17.04062335,16.42413723,15.89775305,15.62096642,15.30135548,14.8431346,15.20327743,14.21297454,,,,,,,,,,,,,,,16.0053423,15.72084936,14.80052057,16.16266897,19.12882555,18.06011433,19.60868886,19.12489741,19.28220476,
Kazakhstan,KAZ,Expense (% of GDP),GC.XPN.TOTL.GD.ZS,,,,,,,,,,,,,,,,,,,,,,,,,,,,,,,,,,,,,,18.74242177,16.64720915,14.18230586,13.72158312,13.56821609,12.69109798,13.88722184,14.07074278,,,,,,,,,,
Kenya,KEN,Expense (% of GDP),GC.XPN.TOTL.GD.ZS,,,,,,,,,,,,,,,,,,,,,,,,,,,,,,,,19.48891161,20.38477644,16.77251378,19.57655454,25.84971708,17.23856755,17.71591548,,,16.77291096,18.46825796,18.98478985,18.90649887,20.85901812,18.18807904,17.20717654,16.60378253,18.15408882,17.24251745,18.04270182,18.30745163,19.55809203,,
Kyrgyz Republic,KGZ,Expense (% of GDP),GC.XPN.TOTL.GD.ZS,,,,,,,,,,,,,,,,,,,,,,,,,,,,,,,,,,,,25.56689026,20.84592274,20.87715125,20.26774796,17.73325184,15.80252175,15.75917697,,,,,15.81410807,18.08792799,16.75577937,18.81196921,21.14294595,21.74358848,22.91851743,,
Cambodia,KHM,Expense (% of GDP),GC.XPN.TOTL.GD.ZS,,,,,,,,,,,,,,,,,,,,,,,,,,,,,,,,,,,,,,,,,,,9.380587587,9.291034548,8.180013282,7.59087661,8.586952614,8.201153409,8.560116551,10.96570378,10.63276755,11.0514137,10.58543798,11.691209,12.39687331
Kiribati,KIR,Expense (% of GDP),GC.XPN.TOTL.GD.ZS,,,,,,,,,,,,,,,,,,,,,,,,,,,,,,,,,,,,,,,,,,,,,,,,,,,,,,,
St. Kitts and Nevis,KNA,Expense (% of GDP),GC.XPN.TOTL.GD.ZS,,,,,,,,,,,,,,,,,,,,,,,,,,,,,,,18.2842701,18.02609098,17.74088048,18.2948212,19.54547953,,,,,,26.04359721,24.71779245,24.94350316,26.64843277,28.1943621,29.98856711,27.84455055,27.07338642,27.03189264,28.48475175,28.35312775,30.26346306,27.65431169,,
"Korea, Rep.",KOR,Expense (% of GDP),GC.XPN.TOTL.GD.ZS,,,,,,,,,,,,,,,,,,,,,,,,,,,,,,,13.19491892,13.11393614,13.39695364,13.14232861,13.32914028,13.21993045,13.39841295,13.26690223,15.55239398,15.18777305,15.78951202,16.77824541,15.90158752,17.86543664,17.80394405,18.54888028,19.31135155,18.82266703,19.14187425,20.20127708,18.42542179,18.90133685,,,
Kosovo,KSV,Expense (% of GDP),GC.XPN.TOTL.GD.ZS,,,,,,,,,,,,,,,,,,,,,,,,,,,,,,,,,,,,,,,,,,,,,,,,,,,,,,,
Kuwait,KWT,Expense (% of GDP),GC.XPN.TOTL.GD.ZS,,,,,,,,,,,,,,,,,,,,,,,,,,,,,,,48.04793488,210.2051316,92.25092093,55.15676929,52.1680238,46.41360611,41.77404518,38.17954706,46.50250981,,,43.50060742,41.41501294,37.78650032,35.27430496,28.51269444,34.55378351,,,,,,,,
Latin America & Caribbean (excluding high income),LAC,Expense (% of GDP),GC.XPN.TOTL.GD.ZS,,,,,,,,,,,,,,,,,,,,,,,,,,,,,,,26.08714559,19.3043802,22.06767863,25.48484922,23.31565853,,,18.58498538,18.95105509,19.29667201,19.19411455,,,,,,,,,,,,,,
Lao PDR,LAO,Expense (% of GDP),GC.XPN.TOTL.GD.ZS,,,,,,,,,,,,,,,,,,,,,,,,,,,,,,,,,,,,,,,,,,,,,,,10.0039814,10.22322019,10.78441758,11.51613647,10.95834687,11.29958737,12.01734538,,
Lebanon,LBN,Expense (% of GDP),GC.XPN.TOTL.GD.ZS,,,,,,,,,,,,,,,,,,,,,,,,,,,,,,,,,,,,,,,26.1786684,28.05552378,30.51076095,29.00928327,28.35203658,30.47226588,27.10826211,27.10851069,32.04172807,31.8925587,30.85546479,28.99820301,26.13839442,26.29702577,27.30268811,28.21319414,27.28832153
Liberia,LBR,Expense (% of GDP),GC.XPN.TOTL.GD.ZS,,,,,,,,,,,,,,,,,,,,,,,,,,,,,,,,,,,,,,,,,,,,,,,,,,,,,,,
Libya,LBY,Expense (% of GDP),GC.XPN.TOTL.GD.ZS,,,,,,,,,,,,,,,,,,,,,,,,,,,,,,,,,,,,,,,,,,,,,,,,,,,,,,,
St. Lucia,LCA,Expense (% of GDP),GC.XPN.TOTL.GD.ZS,,,,,,,,,,,,,,,,,,,,,,,,,,,,,,,,,,,,,,,,,17.47282026,20.0056311,20.13074298,21.33270351,20.39046623,18.78687726,16.70737277,15.22716602,19.45346612,20.65310434,21.43677431,21.39492929,23.33011634,,
Latin America & Caribbean,LCN,Expense (% of GDP),GC.XPN.TOTL.GD.ZS,,,,,,,,,,,,,,,,,,,,,,,,,,,,,,,25.64722373,19.26905997,21.8610156,25.13164308,23.06520624,,,18.5519362,18.96024004,19.36168216,19.28922351,,,,,,,,,,,,,,
Least developed countries: UN classification,LDC,Expense (% of GDP),GC.XPN.TOTL.GD.ZS,,,,,,,,,,,,,,,,,,,,,,,,,,,,,,,,,,,,,,,,,,,,,,,,,,,16.13334313,,,,
Low income,LIC,Expense (% of GDP),GC.XPN.TOTL.GD.ZS,,,,,,,,,,,,,,,,,,,,,,,,,,,,,,,,,,,,,,,,,,,,,,,,,,,16.78979952,,,,
Liechtenstein,LIE,Expense (% of GDP),GC.XPN.TOTL.GD.ZS,,,,,,,,,,,,,,,,,,,,,,,,,,,,,,,,,,,,,,,,,,,,,,,,,,,,,,,
Sri Lanka,LKA,Expense (% of GDP),GC.XPN.TOTL.GD.ZS,,,,,,,,,,,,,,,,,,,,,,,,,,,,,,,24.63609129,25.51074944,23.97979698,22.83886982,24.30200109,26.01950727,24.9622669,22.83167392,21.86212327,21.2616488,22.98868671,23.81337759,22.90697491,20.47783555,20.71109185,20.19596523,21.14772619,20.04670427,19.21179083,20.95841969,16.84982759,16.16552606,15.51157051,,
Lower middle income,LMC,Expense (% of GDP),GC.XPN.TOTL.GD.ZS,,,,,,,,,,,,,,,,,,,,,,,,,,,,,,,16.05685118,15.7691673,16.32827863,16.19067336,15.62866871,15.31360984,14.9722755,16.01258019,15.68331422,17.06030651,,,17.53474509,16.93553423,16.75205948,17.09317141,17.18475127,16.94591322,18.39113453,18.35062813,17.20895111,16.66933783,17.49982796,,
Low & middle income,LMY,Expense (% of GDP),GC.XPN.TOTL.GD.ZS,,,,,,,,,,,,,,,,,,,,,,,,,,,,,,,,,,,,,,,,,,,,,,,,,,,,,,,
Lesotho,LSO,Expense (% of GDP),GC.XPN.TOTL.GD.ZS,,,,,,,,,,,,,,,,,,,,,,,,,,,,,,,33.34669979,37.88756692,34.52525547,,39.21298023,37.33632863,34.38141391,,,,,42.42888434,43.07030114,41.41902407,41.81023277,41.93761744,48.08843336,46.05348984,50.98355049,,,,,,
Late-demographic dividend,LTE,Expense (% of GDP),GC.XPN.TOTL.GD.ZS,,,,,,,,,,,,,,,,,,,,,,,,,,,,,,,,,,,,,,,,,,,,,,,,,,,,,,,
Lithuania,LTU,Expense (% of GDP),GC.XPN.TOTL.GD.ZS,,,,,,,,,,,,,,,,,,,,,,,,,,,,,,,,,,,,9.503957611,7.715658444,14.23709128,11.89038345,11.09862866,10.90796674,7.436273486,9.627559412,9.244965933,9.119595536,9.02041948,8.995654534,9.161387876,10.07333259,12.19908938,11.54279169,11.54557829,9.895050007,9.676932819,9.558907273
Luxembourg,LUX,Expense (% of GDP),GC.XPN.TOTL.GD.ZS,,,,,,,,,,,,,22.00481144,21.06638149,20.64851053,28.45531854,28.95768778,31.57967568,30.47092811,31.33685697,31.87467692,33.58374424,34.14399091,33.98005954,32.06832773,30.63669196,29.42505262,30.63171478,29.50604959,26.85055135,28.86365197,28.91032756,31.43001759,30.91964913,31.07044175,30.66673547,30.93184474,32.26148785,,33.20756457,32.05635227,34.00776548,35.21048807,36.94729338,38.0537365,37.67655232,35.26615553,33.75409429,35.70547496,40.576152,39.74681896,39.77411167,41.50569308,40.81487348,39.92539062
Latvia,LVA,Expense (% of GDP),GC.XPN.TOTL.GD.ZS,,,,,,,,,,,,,,,,,,,,,,,,,,,,,,,,,,,,25.63048524,26.10345955,26.5245657,28.86048074,30.56013665,27.75549903,26.1999597,27.08719661,25.88324281,26.60733384,27.53915971,26.96386447,24.44494475,27.90811509,34.824644,36.02299254,30.68347719,29.18986058,
"Macao SAR, China",MAC,Expense (% of GDP),GC.XPN.TOTL.GD.ZS,,,,,,,,,,,,,,,,,,,,,,,,,,,,,,,,,,,,,13.48945044,14.55637945,16.50554373,20.68337988,16.67612376,15.4082812,15.03011053,14.67094531,11.9173712,11.62559034,10.92801974,10.12831576,13.75658651,17.14344816,14.76612957,12.04411161,10.94535263,
St. Martin (French part),MAF,Expense (% of GDP),GC.XPN.TOTL.GD.ZS,,,,,,,,,,,,,,,,,,,,,,,,,,,,,,,,,,,,,,,,,,,,,,,,,,,,,,
Morocco,MAR,Expense (% of GDP),GC.XPN.TOTL.GD.ZS,,,,,,,,,,,,,17.37417006,17.10875332,22.66845558,22.16637829,20.8305789,20.45577862,20.82351235,21.69785471,19.82289022,23.03007971,21.56418018,20.92429406,20.02553022,21.04505621,19.27971358,19.00240061,18.19660827,19.64269723,17.78185973,18.66657916,19.57125973,22.6882171,22.01883849,24.2047671,,23.22169891,23.33461534,24.14613944,,,27.76348478,26.4343402,26.69235723,28.62721921,26.51994962,27.7148353,29.21759832,27.41640517,29.5630552,32.47581651,,
Monaco,MCO,Expense (% of GDP),GC.XPN.TOTL.GD.ZS,,,,,,,,,,,,,,,,,,,,,,,,,,,,,,,,,,,,,,,,,,,,,,,,,,,,,,
Moldova,MDA,Expense (% of GDP),GC.XPN.TOTL.GD.ZS,,,,,,,,,,,,,,,,,,,,,,,,,,,,,,,,,,,,,,38.41344542,34.47143944,29.00034866,28.92547332,22.27930081,,22.21665599,27.2585564,29.31833211,31.86638747,32.40976799,32.77939218,38.04099775,34.97758115,32.81678887,33.30119945,
Madagascar,MDG,Expense (% of GDP),GC.XPN.TOTL.GD.ZS,,,,,,,,,,,,,,,,,,,,,,,,,,,,,,,,,,,,,,,,,10.61996529,10.29317349,9.446821684,11.22272099,12.59987248,11.04337564,11.59715778,11.23638063,11.75865206,9.203210595,9.024830174,9.701313711,,
Maldives,MDV,Expense (% of GDP),GC.XPN.TOTL.GD.ZS,,,,,,,,,,,,,,,,,,,,,,,,,,,,,,,16.59120783,17.1641791,17.97137069,17.38613525,16.7745533,18.6984945,18.02301453,19.75996557,20.41707335,22.28437752,25.52783865,18.21400342,18.09236595,17.56346801,18.11787233,32.39468716,29.70841066,29.35327173,27.53186174,31.60911557,28.33970966,25.37341115,,
Middle East & North Africa,MEA,Expense (% of GDP),GC.XPN.TOTL.GD.ZS,,,,,,,,,,,,,,,,,,,,,,,,,,,,,,,,,,,,,,,,,,,,,,,,,,,,,,
Mexico,MEX,Expense (% of GDP),GC.XPN.TOTL.GD.ZS,,,,,,,,,,,,,,,,,,,,,,,,,,,,,,,16.82479604,13.71525321,13.3454567,10.80223974,10.92381598,12.47802702,12.0833778,12.72284889,11.70604441,12.39172494,13.13000289,,,,,,,,,,,,,
Marshall Islands,MHL,Expense (% of GDP),GC.XPN.TOTL.GD.ZS,,,,,,,,,,,,,,,,,,,,,,,,,,,,,,,,,,,,,,,,,,,,,,,,,,,,,,
Middle income,MIC,Expense (% of GDP),GC.XPN.TOTL.GD.ZS,,,,,,,,,,,,,,,,,,,,,,,,,,,,,,,,,,,,,,,,,,,,,,,,,,,,,,
"Macedonia, FYR",MKD,Expense (% of GDP),GC.XPN.TOTL.GD.ZS,,,,,,,,,,,,,,,,,,,,,,,,,,,,,,,,,,,,,,,,,,,,,,28.89446685,29.56142176,29.29559725,30.55123045,31.33938865,30.08602869,28.9817013,29.3726417,
Mali,MLI,Expense (% of GDP),GC.XPN.TOTL.GD.ZS,,,,,,,,,,,,,,,,,,,,,,,,,,,,,,,,,,,,,,,,,9.518510574,11.01372734,11.68874976,12.93894075,13.66089447,12.83345752,13.33510416,13.04828609,12.04020639,12.91061438,12.78093773,12.24227126,11.98908752,13.24681263
Malta,MLT,Expense (% of GDP),GC.XPN.TOTL.GD.ZS,,,,,,,,,,,,,33.68386002,32.11936314,38.88326319,34.99516886,31.43756131,30.85383061,28.64301809,,24.67743056,28.01194444,30.07196604,29.61800447,29.7221803,29.06257473,28.11905613,28.17088974,27.65030233,27.46718869,64.53343892,66.25845641,67.59946407,69.97141782,70.52677407,91.08901212,96.40341876,96.14057832,94.76425082,95.00766887,91.13795975,97.42145245,95.51322016,105.0747424,102.7517458,100.3518354,100.1935379,97.99586052,44.40837015,44.06239816,43.85239385,41.51347151,43.03795637,43.4155812
Myanmar,MMR,Expense (% of GDP),GC.XPN.TOTL.GD.ZS,,,,,,,,,,,,,,,,,,,,,,,,,,,,,,,,,,,,,,,,,,,,3.057609709,3.643954039,,,,,,,,,
Middle East & North Africa (excluding high income),MNA,Expense (% of GDP),GC.XPN.TOTL.GD.ZS,,,,,,,,,,,,,,,,,,,,,,,,,,,,,,,,,,,21.73131778,20.92750956,,20.37183373,,,,,22.17114706,21.74800616,21.59091166,22.36467454,24.14796937,22.17606812,23.84077625,24.59511885,,,,,
Montenegro,MNE,Expense (% of GDP),GC.XPN.TOTL.GD.ZS,,,,,,,,,,,,,,,,,,,,,,,,,,,,,,,,,,,,,,,,,,,,,,,,,,,,,,,
Mongolia,MNG,Expense (% of GDP),GC.XPN.TOTL.GD.ZS,,,,,,,,,,,,,,,,,,,,,,,,,,,,,,,,,16.670151,14.62551812,14.23358812,11.67247366,13.32540022,16.32787226,18.35728458,18.91244314,22.38914253,22.05128353,21.69714372,24.60041063,,,23.34789376,23.20669249,25.46116801,26.45851259,22.90580308,24.03038005,26.60824889,,
Northern Mariana Islands,MNP,Expense (% of GDP),GC.XPN.TOTL.GD.ZS,,,,,,,,,,,,,,,,,,,,,,,,,,,,,,,,,,,,,,,,,,,,,,,,,,,,,,,
Mozambique,MOZ,Expense (% of GDP),GC.XPN.TOTL.GD.ZS,,,,,,,,,,,,,,,,,,,,,,,,,,,,,,,,,,,,,,,,,,,,,,,,,,,22.05023899,23.70814154,24.31683526,,
Mauritania,MRT,Expense (% of GDP),GC.XPN.TOTL.GD.ZS,,,,,,,,,,,,,,,,,,,,,,,,,,,,,,,,,,,,,,,,,,,,,,,,,,,,,,,
Mauritius,MUS,Expense (% of GDP),GC.XPN.TOTL.GD.ZS,,,,,,,,,,,,,,,,,22.11584656,23.78650837,24.58193055,24.72335855,24.21584638,25.54163308,25.83941932,25.72909399,24.11456854,22.80226675,20.35610537,18.69488912,19.64969433,19.35099315,18.96551724,18.69248121,18.99245728,17.54047964,18.78318437,18.8502895,18.78083247,19.81952732,19.4999067,21.94369137,20.44638052,20.37213599,20.28571722,20.37423211,20.74892617,20.81777731,20.42844962,19.14999303,18.68826463,21.65122506,22.66514022,20.88226098,20.75297579,22.23873664,22.80892942
Malawi,MWI,Expense (% of GDP),GC.XPN.TOTL.GD.ZS,,,,,,,,,,,,,,,,,,,,,,,,,,,,,,,,,,,,,,,,,,,,,,,,,,,,,,,
Malaysia,MYS,Expense (% of GDP),GC.XPN.TOTL.GD.ZS,,,,,,,,,,,,,,,,,,,,,,,,,,,,,,,,,,,,,18.68908411,16.99036534,16.81271271,18.58388249,16.51218712,18.74538926,17.6745509,17.62618532,18.88686613,17.68669814,17.71911144,18.11882114,19.56801267,21.67131406,18.23190646,19.73494433,20.9798497,,
North America,NAC,Expense (% of GDP),GC.XPN.TOTL.GD.ZS,,,,,,,,,,,,,17.75197298,17.85658035,17.84126677,19.42421295,19.68856836,19.56421795,19.08323577,18.88651187,20.50686374,20.97911027,22.45506789,22.77704221,21.45399316,22.13523993,22.17964317,21.30849611,20.96550128,20.80370922,21.49963819,23.0606859,22.09979236,21.69691307,20.94740507,20.7379726,20.14989591,19.41768885,18.80706042,18.20881921,17.95102618,19.37089903,19.81167826,20.32803905,20.06021839,20.39003231,20.2109804,20.49953408,22.36012748,25.06261176,25.55468424,24.8298284,23.52201367,22.67716775,22.40104746
Namibia,NAM,Expense (% of GDP),GC.XPN.TOTL.GD.ZS,,,,,,,,,,,,,,,,,,,,,,,,,,,,,,,,29.96964317,29.41544857,,,,,,,29.63238891,28.4849778,30.13019797,28.83161489,29.69675259,26.44588984,25.63205059,24.26550492,24.2619304,25.70356534,27.8245549,28.58046481,35.01553949,,,
New Caledonia,NCL,Expense (% of GDP),GC.XPN.TOTL.GD.ZS,,,,,,,,,,,,,,,,,,,,,,,,,,,,,,,,,,,,,,,,,,,,,,,,,,,,,,,
Niger,NER,Expense (% of GDP),GC.XPN.TOTL.GD.ZS,,,,,,,,,,,,,,,,,,,,,,,,,,,,,,,,,,,,,,,,,,,,,,,,,,,,,,,
Nigeria,NGA,Expense (% of GDP),GC.XPN.TOTL.GD.ZS,,,,,,,,,,,,,,,,,,,,,,,,,,,,,,,,,,,,,,,,,,,,11.44847825,9.876985495,9.503014673,7.940229578,8.077967611,9.243776272,9.114340104,5.968701602,5.954324235,5.13845594,,
Nicaragua,NIC,Expense (% of GDP),GC.XPN.TOTL.GD.ZS,,,,,,,,,,,,,,,,,,,,,,,,,,,,,,,65.22711701,23.73080172,24.40037929,25.17354296,11.31086935,10.9220556,10.80335045,11.29519676,11.44817818,12.6829708,12.69323482,14.41520645,12.20112281,13.15269262,12.92366792,13.7175631,15.02777694,14.62595551,15.2174344,15.34569163,15.02294332,15.00378748,15.36478993,,
Netherlands,NLD,Expense (% of GDP),GC.XPN.TOTL.GD.ZS,,,,,,,,,,,,,,35.37979125,36.31281733,41.27961757,41.51819828,42.89768073,43.93620402,45.29493658,46.13795752,47.39439537,50.10093407,50.8826473,49.90951093,49.1989994,49.38991929,50.65271277,48.51474714,46.8230635,45.97925846,46.32178269,46.80663601,47.08580399,46.085966,48.42242447,41.70322967,40.79394785,39.23352555,38.23733602,37.15721743,37.75257187,38.17282473,39.09756035,38.21131849,37.25011867,38.13370579,37.52364336,38.30994598,42.56695923,42.51574,41.96559807,42.31869726,42.5820111,41.9311375
Norway,NOR,Expense (% of GDP),GC.XPN.TOTL.GD.ZS,,,,,,,,,,,,,28.32671692,28.2194754,28.27056969,29.00104161,31.24633513,31.76523297,33.36039494,33.52993864,32.64305845,32.62157786,33.21115439,33.09544831,32.00068709,31.45170181,33.88083786,34.86733609,36.22553773,36.74797322,38.09484437,38.62549314,39.73149443,39.01321019,38.35828198,38.7301116,36.68491273,35.04894316,36.46431544,35.61228126,32.44204137,33.1641937,38.17941636,37.60997226,35.60548625,33.52164115,32.50124587,32.53460524,31.26649471,36.02295429,35.31527295,34.7565682,34.31634476,34.848919,36.11282317
Nepal,NPL,Expense (% of GDP),GC.XPN.TOTL.GD.ZS,,,,,,,,,,,,,,,,,,,,,,,,,,,,,,,,,,,,,,,,,,,,,14.59633833,15.06272353,,,,,15.63520088,15.8983412,15.9327405,15.21643305,
Nauru,NRU,Expense (% of GDP),GC.XPN.TOTL.GD.ZS,,,,,,,,,,,,,,,,,,,,,,,,,,,,,,,,,,,,,,,,,,,,,,,,,,,,,,,
New Zealand,NZL,Expense (% of GDP),GC.XPN.TOTL.GD.ZS,,,,,,,,,,,,,25.91463415,26.06238452,27.66841428,31.41903758,28.50186193,31.38984785,34.16436347,33.84392365,34.95246398,36.22135843,37.26565797,36.58483833,37.16973004,36.14093264,37.46937226,41.0829539,39.18672294,,,,,,,,,,,,,31.55129281,30.72556331,31.21734163,30.43645922,30.98588771,31.36616911,31.28171095,32.60062442,45.48834956,45.85809008,52.05932818,44.96039446,32.43753494,32.57810189
OECD members,OED,Expense (% of GDP),GC.XPN.TOTL.GD.ZS,,,,,,,,,,,,,19.47794648,20.34595871,21.13595168,23.12348602,23.45678347,23.60813457,24.02108758,24.29310485,25.36238516,25.30862721,26.56043769,26.66920169,26.11819309,26.31905483,27.16180049,26.74701408,25.8870835,25.54600116,25.38908981,28.37992916,28.75735701,29.11260108,28.6106628,29.89182094,29.09721114,27.89348983,27.05998862,26.6008924,26.16893582,27.29792645,27.62561128,28.19800433,27.81043541,26.51499321,26.14533371,25.89190355,27.29009345,30.2475432,30.23127712,29.56816204,29.60083459,29.0566112,30.17656054
Oman,OMN,Expense (% of GDP),GC.XPN.TOTL.GD.ZS,,,,,,,,,,,,,,,,,,,,,,,,,,,,,,,32.53577867,31.71665749,33.90003968,33.55608294,33.70241379,32.35853856,29.04856749,27.42918138,30.08036078,28.37985668,29.54030344,31.35587555,30.89000504,30.64965978,30.008612,27.54079157,26.37059296,25.85064702,22.74437294,25.64108077,23.9595345,30.04249292,36.47732964,,
Other small states,OSS,Expense (% of GDP),GC.XPN.TOTL.GD.ZS,,,,,,,,,,,,,,,,,,,,,,,,,,,,,,,,,,,,,,,,,,,,,28.84569267,26.99896999,27.90754909,24.20949794,22.71758232,22.89494026,22.76140699,,,,
Pakistan,PAK,Expense (% of GDP),GC.XPN.TOTL.GD.ZS,,,,,,,,,,,,,,,,,,,,,,,,,,,,,,,19.84781649,19.36877658,19.62398067,21.09950107,19.75179104,19.13311489,20.73915666,19.75289831,19.22801137,18.99421416,17.18711245,16.25445708,16.92518664,16.8290861,14.43441986,14.62385969,14.14681554,15.32043058,17.94237553,16.19295792,17.50035448,17.61401564,18.7990971,17.83230132,
Panama,PAN,Expense (% of GDP),GC.XPN.TOTL.GD.ZS,,,,,,,,,,,,,,,,,,,,,,,,,,,,,,,22.11456832,21.78009652,22.07472808,20.87826567,21.9519877,20.79175108,19.96678491,20.33697432,20.30407247,20.13583,20.86886402,21.88470292,,,,,,,,,,,,,
Peru,PER,Expense (% of GDP),GC.XPN.TOTL.GD.ZS,,,,,,,,,,,,,,,,,,,,,,,,,,,,,,,19.98710105,14.82314339,17.5379894,15.5805257,15.85057546,17.94710995,17.45319474,17.00966643,17.22443344,18.12673775,18.69730969,18.3987973,17.72374051,17.68065679,17.40254986,18.28766815,17.22949877,18.14340027,17.67383857,18.4279812,17.6988981,17.74950417,17.91664367,,
Philippines,PHL,Expense (% of GDP),GC.XPN.TOTL.GD.ZS,,,,,,,,,,,,,,,,,,,,,,,,,,,,,,,16.76390618,15.99328852,16.20380612,15.90843273,,,,,,,16.34858243,,,18.6185371,17.6858016,17.2039986,16.80595645,16.61208897,16.39154076,17.75870382,16.87756295,15.76734326,16.40651831,,
Palau,PLW,Expense (% of GDP),GC.XPN.TOTL.GD.ZS,,,,,,,,,,,,,,,,,,,,,,,,,,,,,,,,,,,,,,,,,,,,,,,,,,,,,,,
Papua New Guinea,PNG,Expense (% of GDP),GC.XPN.TOTL.GD.ZS,,,,,,,,,,,,,,,,,,,,,,,,,,,,,,,31.15174566,30.00166408,29.05209567,29.98479587,27.01565919,24.53863787,25.78411115,27.27953557,24.07696448,29.33112073,30.0470326,26.92309764,22.09391275,,,,,,,,,,,,
Poland,POL,Expense (% of GDP),GC.XPN.TOTL.GD.ZS,,,,,,,,,,,,,,,,,,,,,,,,,,,,,,,,,,,36.67874334,35.79085677,35.21170149,34.79204595,33.14579439,31.85535159,30.98528577,35.55742171,36.13716465,39.48955587,37.66620727,37.09919293,36.55273284,34.96144587,36.27323416,36.28960605,36.58470929,34.44362382,34.45474256,35.09947529,21.99356541
Pre-demographic dividend,PRE,Expense (% of GDP),GC.XPN.TOTL.GD.ZS,,,,,,,,,,,,,,,,,,,,,,,,,,,,,,,,,,,,,,,,,,,,,,,,,,,13.76067871,,,,
Puerto Rico,PRI,Expense (% of GDP),GC.XPN.TOTL.GD.ZS,,,,,,,,,,,,,,,,,,,,,,,,,,,,,,,,,,,,,,,,,,,,,,,,,,,,,,,
"Korea, Dem. Peoples Rep.",PRK,Expense (% of GDP),GC.XPN.TOTL.GD.ZS,,,,,,,,,,,,,,,,,,,,,,,,,,,,,,,,,,,,,,,,,,,,,,,,,,,,,,,
Portugal,PRT,Expense (% of GDP),GC.XPN.TOTL.GD.ZS,,,,,,,,,,,,,,,,23.71605253,25.92811384,,26.15569131,25.97406975,27.36534381,29.57836947,29.07705248,30.80105334,29.50918109,33.57277925,33.65844607,30.12862973,29.79061009,31.15070925,32.31911878,34.72748434,35.87562308,37.23764175,34.96707771,37.72438344,37.50810084,36.32030634,37.6610654,37.44533113,37.71223902,38.56264859,38.90891806,40.15672681,40.76772541,41.72897079,40.47710083,39.68521457,40.65838218,43.97441091,44.60631404,44.98281394,44.76945562,46.05017732,47.92633526
Paraguay,PRY,Expense (% of GDP),GC.XPN.TOTL.GD.ZS,,,,,,,,,,,,,,,,,,,,,,,,,,,,,,,,,,,,,,,,,,,,,,15.09423417,15.59757497,14.86338878,14.38469863,17.65077092,16.09899482,17.59553754,21.24410995,,
Pacific island small states,PSS,Expense (% of GDP),GC.XPN.TOTL.GD.ZS,,,,,,,,,,,,,,,,,,,,,,,,,,,,,,,,,,,,,,,,,,,,,,,,,,,,,,,
Post-demographic dividend,PST,Expense (% of GDP),GC.XPN.TOTL.GD.ZS,,,,,,,,,,,,,19.27090892,20.10525995,20.98486936,22.94451473,23.26393696,23.37403818,23.83895416,24.02211,25.14439434,25.09351511,26.13728923,26.35679467,25.77591302,26.12475714,27.13474188,26.7261385,25.90943556,25.58602,25.63718342,28.89807628,29.24340311,29.62070361,28.97649148,30.37207857,29.55074079,28.18613756,27.46135554,26.87310957,26.41189083,27.13669765,27.40184682,27.86534837,27.50971812,26.25798232,25.891136,25.65395468,26.97160816,29.85570835,29.84294964,29.30912051,29.35811009,28.84984878,30.15736547
French Polynesia,PYF,Expense (% of GDP),GC.XPN.TOTL.GD.ZS,,,,,,,,,,,,,,,,,,,,,,,,,,,,,,,,,,,,,,,,,,,,,,,,,,,,,,,
Qatar,QAT,Expense (% of GDP),GC.XPN.TOTL.GD.ZS,,,,,,,,,,,,,,,,,,,,,,,,,,,,,,,,,,,,,,,,,,,,,23.46836877,19.83162992,22.16498732,16.06261035,14.26310784,19.38819856,18.72270954,,,,
Romania,ROU,Expense (% of GDP),GC.XPN.TOTL.GD.ZS,,,,,,,,,,,,,,,,,,,,,,39.78515312,31.81330767,27.50487837,28.82980027,41.54373089,42.4326258,40.62832801,36.58809802,39.99625,33.34421261,32.89078452,38.24819213,29.89843181,29.7690932,28.015986,27.09643652,29.84339662,32.03320638,34.21612346,34.3915064,33.0134576,31.85055363,30.7100333,31.21159762,31.50183415,31.61070338,33.94611315,33.43348169,35.87820172,35.13254168,34.91148072,33.19098983,31.39175096,31.86313677
Russian Federation,RUS,Expense (% of GDP),GC.XPN.TOTL.GD.ZS,,,,,,,,,,,,,,,,,,,,,,,,,,,,,,,,,,,27.04789194,11.56422821,,,25.0417554,20.2862415,21.16302562,22.75848652,22.55875883,23.04630639,21.57384267,19.94809986,19.50054141,23.00653269,21.53216676,32.10897472,27.377239,23.51263426,24.62120467,25.28840786,26.83007887
Rwanda,RWA,Expense (% of GDP),GC.XPN.TOTL.GD.ZS,,,,,,,,,,,,,,,,,,,,,,,,,,,,,,,12.40554527,12.32947675,14.3119977,,,,,,,,,,,,,,,,14.35465251,14.43230968,15.47447614,15.03804887,14.46899662,13.03248355,
South Asia,SAS,Expense (% of GDP),GC.XPN.TOTL.GD.ZS,,,,,,,,,,,,,,,,,,,,,,,,,,,,,,,15.95538807,15.8059778,15.60040584,15.74436508,15.18419423,14.86498561,14.86223136,15.1427053,14.89918203,15.19976986,15.58287583,15.13670904,15.58495738,15.12954184,14.53481765,14.633283,14.76128811,14.84342319,16.8428203,16.45354605,16.17104562,14.84586665,16.60108833,,
Saudi Arabia,SAU,Expense (% of GDP),GC.XPN.TOTL.GD.ZS,,,,,,,,,,,,,,,,,,,,,,,,,,,,,,,,,,,,,,,,,,,,,,,,,,,,,,,
Sudan,SDN,Expense (% of GDP),GC.XPN.TOTL.GD.ZS,,,,,,,,,,,,,,,,,,,,,,,,,,,,,,,,,,,,,,,6.773109306,7.589582421,,,,,,,,,,,,,,,
Senegal,SEN,Expense (% of GDP),GC.XPN.TOTL.GD.ZS,,,,,,,,,,,,,,,,,,,,,,,,,,,,,,,,,,,,,,,,11.43918347,12.75899286,14.55472947,,,,,,,,16.4922337,15.53642216,17.50056452,16.99415441,,
Singapore,SGP,Expense (% of GDP),GC.XPN.TOTL.GD.ZS,,,,,,,,,,,,,,,,,,,,,,,,,,,,,,,17.06206308,17.87489609,16.53311802,14.56584634,10.90531218,11.91568473,16.14662917,13.62595689,15.7257061,14.77265967,15.75618109,18.27295794,16.25038951,16.04300225,14.49885105,12.63238304,13.13049588,12.21383389,14.60950863,14.43363349,12.59066308,12.96432709,12.63306399,,
Solomon Islands,SLB,Expense (% of GDP),GC.XPN.TOTL.GD.ZS,,,,,,,,,,,,,,,,,,,,,,,,,,,,,,,,,,,,,,,,,,,,,,,,,,,,,,,
Sierra Leone,SLE,Expense (% of GDP),GC.XPN.TOTL.GD.ZS,,,,,,,,,,,,,,,,,,,,,,,,,,,,,,,,,,,,,,,,,,,,,,,,,,,,,,,
El Salvador,SLV,Expense (% of GDP),GC.XPN.TOTL.GD.ZS,,,,,,,,,,,,,,,,,,,,,,,,,,,,,,,,,,,,,,,109.2143833,128.8783525,134.7713205,20.4254056,17.90070387,15.26647039,17.04297298,17.60579859,19.43161175,17.38183229,19.09523587,22.02507139,20.79716878,21.81860497,20.56765882,20.76719957,
San Marino,SMR,Expense (% of GDP),GC.XPN.TOTL.GD.ZS,,,,,,,,,,,,,,,,,,,,,,,,,,,,,,,,,,,,68757.34289,,,,,,,46.72525754,40.92938606,43.24395597,39.15889725,38.06184474,39.43366723,38.69551461,,,,,,
Somalia,SOM,Expense (% of GDP),GC.XPN.TOTL.GD.ZS,,,,,,,,,,,,,,,,,,,,,,,,,,,,,,,,,,,,,,,,,,,,,,,,,,,,,,,
Serbia,SRB,Expense (% of GDP),GC.XPN.TOTL.GD.ZS,,,,,,,,,,,,,,,,,,,,,,,,,,,,,,,,,,,,,,,,,,,,,,,,36.83926681,38.02026166,38.02292939,38.74685863,37.59249578,39.21779432,,
Sub-Saharan Africa (excluding high income),SSA,Expense (% of GDP),GC.XPN.TOTL.GD.ZS,,,,,,,,,,,,,,,,,,,,,,,,,,,,,,,,,,,,,,,,,,,,20.93334956,19.7948686,20.33461995,19.18839584,19.10871358,20.0862568,20.37971061,19.81449635,20.52565627,20.83476833,,
South Sudan,SSD,Expense (% of GDP),GC.XPN.TOTL.GD.ZS,,,,,,,,,,,,,,,,,,,,,,,,,,,,,,,,,,,,,,,,,,,,,,,,,,,,,,,
Sub-Saharan Africa,SSF,Expense (% of GDP),GC.XPN.TOTL.GD.ZS,,,,,,,,,,,,,,,,,,,,,,,,,,,,,,,,,,,,,,,,,,,,20.94896926,19.8132502,20.35104143,19.20921312,19.12615355,20.09489401,20.3884201,19.82482197,20.53133953,20.84042689,,
Small states,SST,Expense (% of GDP),GC.XPN.TOTL.GD.ZS,,,,,,,,,,,,,,,,,,,,,,,,,,,,,,,,,,,,,,,,,,,,,28.38086896,26.71944658,27.98557287,24.65425288,23.59977911,24.52516252,24.13215632,,,,
Sao Tome and Principe,STP,Expense (% of GDP),GC.XPN.TOTL.GD.ZS,,,,,,,,,,,,,,,,,,,,,,,,,,,,,,,,,,,,,,,,,,,23.41823504,20.46104906,28.04781091,23.59904642,26.39619572,25.75617655,20.43847036,20.7869885,21.23519404,20.11075288,17.28003754,,
Suriname,SUR,Expense (% of GDP),GC.XPN.TOTL.GD.ZS,,,,,,,,,,,,,,,,,,,,,,,,,,,,,,,,,,,,,,,,,,32.63610273,29.68880388,25.51231507,26.4074126,26.18237913,22.57018243,22.56812509,20.49252893,23.19855913,20.85982133,20.8940201,22.39970668,,
Slovak Republic,SVK,Expense (% of GDP),GC.XPN.TOTL.GD.ZS,,,,,,,,,,,,,,,,,,,,,,,,,,,,,,,,,,,,,1.240668735,1.17980386,1.167095331,1.147815849,1.421119153,1.217993505,1.255797179,38.61650956,37.19575822,34.41732875,34.11054284,31.22343792,31.67802818,37.20536798,35.64054714,34.6077515,34.26192333,21.99793338,22.88780502
Slovenia,SVN,Expense (% of GDP),GC.XPN.TOTL.GD.ZS,,,,,,,,,,,,,,,,,,,,,,,,,,,,,,,,,,,,33.58837327,32.62484721,33.56211668,34.11834035,34.33802593,38.14718159,38.97887878,38.31481142,38.60596052,38.46481106,38.99161344,37.97074803,35.06324724,36.56030406,41.19530531,41.69623934,42.43202617,42.29363386,,
Sweden,SWE,Expense (% of GDP),GC.XPN.TOTL.GD.ZS,,,,,,,,,,,,,23.33674886,23.27769525,24.51479097,24.87442714,27.02702909,30.13164022,32.33399213,33.9551381,34.16431145,36.95561233,37.63151869,39.44932191,38.22219646,39.36003915,37.85152237,36.25281727,35.02811492,34.47317855,35.67689758,37.15189801,40.27546058,44.84891358,42.49632975,42.86081371,40.37152728,38.58862227,37.83097607,36.61887683,34.55551644,33.19624071,33.647032,33.66592641,32.46348189,32.96649322,31.74199061,31.06010125,31.08514319,33.39927,32.80684569,32.0744237,32.58915002,33.32915993,33.0492147
Swaziland,SWZ,Expense (% of GDP),GC.XPN.TOTL.GD.ZS,,,,,,,,,,,,,,,,,,,,,,,,,,,,,,,,,,,,,,,,,,,,,,,,,,,,,,,
Sint Maarten (Dutch part),SXM,Expense (% of GDP),GC.XPN.TOTL.GD.ZS,,,,,,,,,,,,,,,,,,,,,,,,,,,,,,,,,,,,,,,,,,,,,,,,,,,,,,,
Seychelles,SYC,Expense (% of GDP),GC.XPN.TOTL.GD.ZS,,,,,,,,,,,,,,,,,,,,,,,,,,,,,,,,,,48.46473367,47.28795641,46.84517169,51.45988321,50.31806616,46.08127948,44.42508187,43.12469758,41.8859228,47.36552951,36.01133472,37.63869779,36.26855339,39.64298887,36.35431707,28.70005263,29.46588052,30.62968873,26.29957718,25.96256128,,
Syrian Arab Republic,SYR,Expense (% of GDP),GC.XPN.TOTL.GD.ZS,,,,,,,,,,,,,,,,,,,,,,,,,,,,,,,,,,,,,,,16.2178472,16.72229737,17.4274641,17.53972044,16.80134537,18.6917628,19.61480476,18.39066726,18.60514084,16.1409854,,,,,,,
Turks and Caicos Islands,TCA,Expense (% of GDP),GC.XPN.TOTL.GD.ZS,,,,,,,,,,,,,,,,,,,,,,,,,,,,,,,,,,,,,,,,,,,,,,,,,,,,,,,
Chad,TCD,Expense (% of GDP),GC.XPN.TOTL.GD.ZS,,,,,,,,,,,,,,,,,,,,,,,,,,,,,,,,,,,,,,,,,,,,,,,,,,,,,,,
East Asia & Pacific (IDA & IBRD countries),TEA,Expense (% of GDP),GC.XPN.TOTL.GD.ZS,,,,,,,,,,,,,,,,,,,,,,,,,,,,,,,,,,,,,,,,,,,,,,,,,,,,,,,
Europe & Central Asia (IDA & IBRD countries),TEC,Expense (% of GDP),GC.XPN.TOTL.GD.ZS,,,,,,,,,,,,,,,,,,,,,,,,,,,,,,,,,,,27.99679709,20.07270354,,,25.85101976,24.06221791,24.54024796,26.20180369,26.1491793,27.05792072,26.18262017,26.01568536,25.71250767,27.73180195,28.05285416,34.53195881,31.90561033,29.14054312,29.85625884,29.80747746,28.47030262
Togo,TGO,Expense (% of GDP),GC.XPN.TOTL.GD.ZS,,,,,,,,,,,,,,,,,,,,,,,,,,,,,,,,,,,,,,,,,,,,,15.30477204,16.04513345,17.34063751,17.32732826,13.84586547,15.67665658,14.41902289,15.58278886,18.21856414,22.76735873,
Thailand,THA,Expense (% of GDP),GC.XPN.TOTL.GD.ZS,,,,,,,,,,,,,12.48383313,11.92165709,10.33488516,12.52357462,13.04675302,12.31053261,13.02990546,13.97334083,15.36373833,15.42764155,16.33757879,16.18347219,16.34651359,17.0144814,16.31220105,14.90145899,13.10196678,12.51459315,11.77777441,11.66009372,11.50328116,11.3376717,11.22488202,10.80688134,11.1850869,13.23202625,16.45600959,19.54924829,13.50391325,15.7434216,20.19145549,14.85436904,15.49158403,15.31498505,15.06487649,16.55113045,17.05894303,18.42067612,17.42067199,19.42849147,18.63415967,19.09666479,19.45325306
Tajikistan,TJK,Expense (% of GDP),GC.XPN.TOTL.GD.ZS,,,,,,,,,,,,,,,,,,,,,,,,,,,,,,,,,,,,,,,11.35981489,10.00793271,8.955033044,9.481545094,,11.17690965,13.74766564,,,,,,,,,,
Turkmenistan,TKM,Expense (% of GDP),GC.XPN.TOTL.GD.ZS,,,,,,,,,,,,,,,,,,,,,,,,,,,,,,,,,,,,,,,,,,,,,,,,,,,,,,,
Latin America & the Caribbean (IDA & IBRD countries),TLA,Expense (% of GDP),GC.XPN.TOTL.GD.ZS,,,,,,,,,,,,,,,,,,,,,,,,,,,,,,,25.64722373,19.26905997,21.8610156,25.13164308,23.06520624,,,18.5519362,18.96024004,19.36168216,19.28922351,,,,,,,,,,,,,,
Middle East & North Africa (IDA & IBRD countries),TMN,Expense (% of GDP),GC.XPN.TOTL.GD.ZS,,,,,,,,,,,,,,,,,,,,,,,,,,,,,,,,,,,21.73131778,20.92750956,20.40605957,20.37183373,,,,,22.17114706,21.74800616,21.59091166,22.47857421,24.26124724,22.27802842,23.93717758,24.71866261,,,,,
Timor-Leste,TLS,Expense (% of GDP),GC.XPN.TOTL.GD.ZS,,,,,,,,,,,,,,,,,,,,,,,,,,,,,,,,,,,,,,,,,,,,,,,,,,,,,,,
Tonga,TON,Expense (% of GDP),GC.XPN.TOTL.GD.ZS,,,,,,,,,,,,,,,,,,,,,,,,,,,,,,,,,,,,,,,,,,,,,,,,,,,,,,,
South Asia (IDA & IBRD),TSA,Expense (% of GDP),GC.XPN.TOTL.GD.ZS,,,,,,,,,,,,,,,,,,,,,,,,,,,,,,,15.95538807,15.8059778,15.60040584,15.74436508,15.18419423,14.86498561,14.86223136,15.1427053,14.89918203,15.19976986,15.58287583,15.13670904,15.58495738,15.12954184,14.53481765,14.633283,14.76128811,14.84342319,16.8428203,16.45354605,16.17104562,14.84586665,16.60108833,,
Sub-Saharan Africa (IDA & IBRD countries),TSS,Expense (% of GDP),GC.XPN.TOTL.GD.ZS,,,,,,,,,,,,,,,,,,,,,,,,,,,,,,,,,,,,,,,,,,,,20.94896926,19.8132502,20.35104143,19.20921312,19.12615355,20.09489401,20.3884201,19.82482197,20.53133953,20.84042689,,
Trinidad and Tobago,TTO,Expense (% of GDP),GC.XPN.TOTL.GD.ZS,,,,,,,,,,,,,,,,,,,,,,,,,,,,,,,,,,27.27113272,24.92110659,25.28307006,,,,,,23.86162666,24.90033754,22.09936911,22.6183445,22.65251289,29.50597759,24.51236743,26.4320498,33.0138554,32.33245331,,,,
Tunisia,TUN,Expense (% of GDP),GC.XPN.TOTL.GD.ZS,,,,,,,,,,,,,,,,,,,,,,,,,,,,,,,30.41227105,29.44183958,27.65690438,28.43688195,28.04449278,28.37471704,28.01644787,25.12356495,24.91350317,24.9366177,25.02131939,24.83265872,25.66881652,25.36969975,25.7753884,26.15103532,25.85116822,26.17616855,27.32766638,27.88425487,28.04668977,34.56526526,35.46340319,,
Turkey,TUR,Expense (% of GDP),GC.XPN.TOTL.GD.ZS,,,,,,,,,,,,,14.90833622,15.13736264,12.2831787,14.22587651,14.07920311,15.92350658,16.05664075,18.72142831,18.2407372,15.72585749,,16.75272189,17.53731174,16.7269308,13.66913799,14.44355671,14.43990884,14.98504997,15.29564682,19.23330417,18.86738957,22.93519076,21.93510539,20.95549371,25.17318751,27.57098489,22.39094346,,,,,,,,,,31.2702041,37.71463592,35.42521214,33.31121209,33.59249771,34.62845191,34.96147481
Tuvalu,TUV,Expense (% of GDP),GC.XPN.TOTL.GD.ZS,,,,,,,,,,,,,,,,,,,,,,,,,,,,,,,,,,,,,,,,,,,,,,,,,,,,,,,
Tanzania,TZA,Expense (% of GDP),GC.XPN.TOTL.GD.ZS,,,,,,,,,,,,,,,,,,,,,,,,,,,,,,,,,,,,,,,,,,,,,,,,,,15.62456993,17.70152157,16.56201847,17.64298515,,
Uganda,UGA,Expense (% of GDP),GC.XPN.TOTL.GD.ZS,,,,,,,,,,,,,,,,,,,,,,,,,,,,,,,,,,,,,,,,14.88832069,15.52565259,21.55769609,22.819251,21.59937161,16.22666905,16.65868522,16.58407677,16.46179664,15.34783967,12.09611996,13.90652332,15.73736285,12.07830009,,
Ukraine,UKR,Expense (% of GDP),GC.XPN.TOTL.GD.ZS,,,,,,,,,,,,,,,,,,,,,,,,,,,,,,,,,,,,,,,,25.17065009,26.87205268,27.61535824,28.9949285,29.71382592,32.98438482,36.04543642,36.79404506,34.952014,37.31346039,40.70926101,40.93259644,38.27158034,41.06998873,,
Upper middle income,UMC,Expense (% of GDP),GC.XPN.TOTL.GD.ZS,,,,,,,,,,,,,,,,,,,,,,,,,,,,,,,,,,,,,,,,,,,,,,,,,,,,,,,
Uruguay,URY,Expense (% of GDP),GC.XPN.TOTL.GD.ZS,,,,,,,,,,,,,,,,,,,,,,,,,,,,,,,21.91303257,23.36104697,25.03210263,28.888046,30.17345876,27.10395535,27.8050542,26.31559472,26.08158535,26.44237976,26.55093188,27.27020301,27.89109917,27.912726,26.59172531,26.55718215,26.86393189,26.49277676,25.60302196,29.13316718,29.42013217,29.12060509,30.54391763,,
United States,USA,Expense (% of GDP),GC.XPN.TOTL.GD.ZS,,,,,,,,,,,,,17.75197298,17.85658035,17.84126677,19.42421295,19.68856836,19.56421795,19.08323577,18.88651187,20.50686374,20.97911027,22.45506789,22.77704221,21.45399316,22.13523993,22.17964317,21.30849611,20.96550128,20.80370922,21.49963819,22.82539982,21.75508415,21.35470592,20.67041514,20.46787212,19.93851758,19.31994078,18.66705511,18.04924816,17.86756915,19.43376204,19.99457254,20.5549981,20.33910097,20.64585741,20.52976323,20.85471833,22.88219069,25.677828,26.22545069,25.50614045,24.12449695,23.22368626,22.96912945
Uzbekistan,UZB,Expense (% of GDP),GC.XPN.TOTL.GD.ZS,,,,,,,,,,,,,,,,,,,,,,,,,,,,,,,,,,,,,,,,,,,,,,,,,,,,,,,
St. Vincent and the Grenadines,VCT,Expense (% of GDP),GC.XPN.TOTL.GD.ZS,,,,,,,,,,,,,,,,,,,,,,,,,,,,,,,,,,,,,,,,,,,,,,,,,,,,,,,
"Venezuela, RB",VEN,Expense (% of GDP),GC.XPN.TOTL.GD.ZS,,,,,,,,,,,,,,,,,,,,,,,,,,,,,,,19.91545521,19.6347843,19.31787282,17.88798429,18.34097212,18.47550594,16.82419079,20.34545759,20.99029038,19.97293941,21.63864825,24.08262687,23.32152567,25.15521988,24.70705219,25.06617298,,,,,,,,,
British Virgin Islands,VGB,Expense (% of GDP),GC.XPN.TOTL.GD.ZS,,,,,,,,,,,,,,,,,,,,,,,,,,,,,,,,,,,,,,,,,,,,,,,,,,,,,,,
Virgin Islands (U.S.),VIR,Expense (% of GDP),GC.XPN.TOTL.GD.ZS,,,,,,,,,,,,,,,,,,,,,,,,,,,,,,,,,,,,,,,,,,,,,,,,,,,,,,,
Vietnam,VNM,Expense (% of GDP),GC.XPN.TOTL.GD.ZS,,,,,,,,,,,,,,,,,,,,,,,,,,,,,,,,,,,,,,,,,,,,,,,,,,,,,,,
Vanuatu,VUT,Expense (% of GDP),GC.XPN.TOTL.GD.ZS,,,,,,,,,,,,,,,,,,,,,,,,,,,,,,,20.99557761,,,,,22.04553255,23.66105655,21.66610455,19.13716814,18.81648936,,,,,,,,,,20.38114836,22.24776181,22.03194446,,,
West Bank and Gaza,PSE,Expense (% of GDP),GC.XPN.TOTL.GD.ZS,,,,,,,,,,,,,,,,,,,,,,,,,,,,,,,,,,,,,,,,,,,,,,8.645078137,10.50327046,9.894609158,12.85220677,10.51264534,9.24478204,8.421438308,7.214045423,7.56006227,8.187987715
World,WLD,Expense (% of GDP),GC.XPN.TOTL.GD.ZS,,,,,,,,,,,,,,,,,,,,,,,,,,,,,,,24.97123267,27.34830574,27.64586941,28.15098218,27.52405108,30.19188597,27.65705141,26.31202194,25.65561375,25.16657697,24.97764576,26.08570004,26.21162122,26.58944093,26.10050323,25.43202384,25.19488676,25.00334958,26.25211121,28.98772505,28.73004169,27.95220703,28.09195158,28.65587347,
Samoa,WSM,Expense (% of GDP),GC.XPN.TOTL.GD.ZS,,,,,,,,,,,,,,,,,,,,,,,,,,,,,,,,,,,,,,,,,,,,,,,,,,,0.026472927,0.02566296,0.024586807,,
"Yemen, Rep.",YEM,Expense (% of GDP),GC.XPN.TOTL.GD.ZS,,,,,,,,,,,,,,,,,,,,,,,,,,,,,,,,,,,,,,,,,,,,,,,,,,,,,,,
South Africa,ZAF,Expense (% of GDP),GC.XPN.TOTL.GD.ZS,,,,,,,,,,,,,18.26615638,17.63931078,18.58549229,20.4589534,21.49247925,21.6893843,21.66632812,21.71337663,19.61103194,21.08486917,23.46414132,25.50079489,25.60497081,27.0529314,28.31955607,28.61772586,28.97196309,28.14491645,28.58675986,28.04174835,31.4403909,31.95080009,28.35161642,28.82331966,29.87915632,28.58298997,28.51140183,28.05989869,27.19395476,27.12871689,26.47033957,27.84646063,28.65028819,28.6901175,28.90718254,29.01250142,29.95977625,32.24444655,31.78362774,32.30621546,32.99367757,34.80310158,33.89540423
"Congo, Dem. Rep.",COD,Expense (% of GDP),GC.XPN.TOTL.GD.ZS,,,,,,,,,,,,,,,,,,,,,,,,,,,,,,,,18.04733333,16.54664783,17.53699232,4.571445837,8.208428497,11.48736402,9.708125121,10.85451317,10.10538512,2.045767706,5.649167394,7.481772825,7.698880968,10.26298005,13.11640396,14.58478648,13.02725586,12.72662201,11.54392867,8.794872269,,,,
Zambia,ZMB,Expense (% of GDP),GC.XPN.TOTL.GD.ZS,,,,,,,,,,,,,,,,,,,,,,,,,,,,,,,,,,,,,,,19.60980883,16.03420236,,14.10393642,14.1723814,15.74379516,17.44586634,19.75700454,14.23541484,18.62214173,16.77312665,14.62745919,13.70549133,15.45904731,,,
Zimbabwe,ZWE,Expense (% of GDP),GC.XPN.TOTL.GD.ZS,,,,,,,,,,,,,,,,,,,,,,,,,,,,,,,24.52498406,24.22745918,29.21377195,25.56272187,22.09654785,32.10444221,33.02330864,33.22622148,,,,,,,,,,,,,,,,,
